link,year_publication,title,journal_name,aim_1,aim_2,aim_3,first_author,reference_uid,unique_id,metric,trap_types,trapping_method,repeated_visit,geolocation_level,speciation,aim,aim_detail,species_accumulation,diversity_measurement,trapping_effort,pathogen,supplementary_data,funding
https://doi.org/10.1371/journal.pntd.0009184,2021,"Tick-borne relapsing fever Borreliosis, a major public health problem overlooked in Senegal",PLOS NTD,The conditions for the maintenance and spread of Tick Borne Relapsing Fever in the Niakhar district of senegal,,,El Hadji Ndiaye,10.1371/journal.pntd.0009184,en_2021_senegal,abundance,lattice_work_traps,not_stated,no,region,morphological,Zoonoses risk,"Prevalence of zoonosis in animal population, Risk of spillover",No,No,Yes,Yes,,
https://doi.org/10.1515/mammalia-2020-0013,2021,"Small mammals of a West African hotspot, the Ziama-Wonegizi-Wologizi transfrontier forest landscape",Mammalia,Aimed to survey small mammals in a Liberian and Guinean cross-border conservation area,,,Mnqobi Mamba,10.1515/mammalia-2020-0013,mm_2021_multiple,abundance,"sherman, tomahawk, pitfall",line_transect,no,study_site,"morphological, molecular",Ecology,"Biodiversity, Small mammal survey",Yes,No,Yes,No,,
https://doi.org/10.3390/biology10010028,2021,"Lassa virus circulation in small mammal populations in Bo district, Sierra Leone",Biology,"Explore the circulation of LASV in villages in Bo, estimating the LASV prevalence in rodents",,,Umaru Bangura,10.3390/biology10010028,ub_2021_sierraleone,abundance,sherman,line,yes,study_site,"morphological, molecular",Zoonoses risk,"Prevalence of zoonosis in animal population, Risk of spillover",No,No,Incomplete,Yes,,
https://doi.org/10.17420/ap6602.262,2020,"Mastomys natalensis, Cricetomys gambianus and Taterillus sp. were found PCR positive for Leishmania major in Burkina Faso, West Africa",Annals of Parasitology,"Aimed to identify potential rodent reservoirs of L. major in Ouagadougou, Burkina Faso after an apparent increase in human cases",,,Adama Zida,10.17420/ap6602.262,az_2020_burkina,abundance,"sherman, chauvency",not_stated,no,study,"morphological, molecular",Zoonoses risk,"Prevalence of zoonosis in animal population, Identify reservoir of pathogen",No,No,Incomplete,Yes,,
https://doi.org/10.25225/jvb.20009,2020,"Small mammal inventory in the Lama forest reserve (south Benin), with new cytogenetical data",Journal of Vertebrate Biology,Aimed to catalogue the species diversity of small terrestrial mammals in the Lama forest reserve,To provide cytogenetic data on some species,,Violaine Nicolas,10.25225/jvb.20009,vn_2020_benin,abundance,"sherman, snap_trap, pitfall","line_transect, purposeful",no,study_site,"morphological, molecular",Ecology,"Biodiversity, Collect cytogenetic data",Yes,No,Yes,No,,
https://doi.org/10.1080/22221751.2020.1766381,2020,Households as hotspots of Lassa fever? Assessing the spatial distribution of Lassa virus-infected rodents in rural villages of Guinea,Emerging Microbes and Infections,Aimed to establish whether LASV-infected rodent cluster in households,,,Joachim Marien,10.1080/22221751.2020.1766381,jm_2020_guinea,abundance,sherman,line_transect,yes,study_site,not_stated,Zoonoses risk,"Prevalence of zoonosis in animal population, Identify clusters of infected animals",No,No,Yes,Yes,,
https://doi.org/10.1007/s10530-020-02304-7,2020,Association between temporal patterns in helminth assemblages and successful range expansion of exotic Mus musculus domesticus in Senegal,Biological Invasions,Do rodent communities change at the invasion front?,Are gastrointestinal helminth assemblages of exotic and native rodent species more similar as a result of parasite sharing when co-existence time between native and exotic hosts increases?,"Does the enemy release pattern disappear in the exotic mouse with increased residence time and geographic spread, and do parasitism levels increase in native rodents under spill-back, disease facilitation, and/or spill-over expectations?",Christophe Diagne,10.1007/s10530-020-02304-7,cd_2020_senegal,abundance,"local_wire_mesh, sherman",purposeful_houses,yes,study_site,morphological,Ecology,"Rodent assemblage along an invasion front, Parasite biodiversity",No,No,Incomplete,Rodent pathogen,,
https://doi.org/10.3390/pathogens9030202,2020,Rodents as hosts of pathogens and related zoonotic disease risk,Pathogens,Characterise the presence and phylogenetic position of potentially zoonotic pathogens,Identify the distribution of pathogens within host rodent populations with environmental and host variables,,Handi Dahmana,10.3390/pathogens9030202,hd_2020_senegal,abundance,"local_wire_mesh, sherman","purposeful_houses, purposeful_outdoors",no,study_site,"morphological, molecular",Zoonoses risk,Prevalence of potential zoonoses in rodents,No,No,Incomplete,Yes,,
https://doi.org/10.3201/eid2606.200107,2020,"Multihost transmission of Schistosoma mansoni in Senegal, 2015-2018",Emerging Infectious Diseases,To examine the evolutionary relationships and host use among schistosoma isolates and the potential rodent-to-human spillover,,,Stefano Catalano,10.3201/eid2606.200107,sc_2020_senegal,abundance,local_wire_mesh,line,no,study_site,morphological,Zoonoses risk,"Investigate the evolutionary relationships of schistosoma isolates, Risk of spillover",No,No,Incomplete,Yes,,
https://dx.doi.org/10.24189/ncr.2020.005,2020,Species composition and community structure of terrestrial small mammals in Tanoé-Ehy Swamp Forest (South-East Ivory Coast): implication for conservation,Nature Conservation Research,To contribute to a better knowledge of the mammalian fauna in the region,,,Laurent Ahissa,10.24189/ncr.2020.005,la_2020_ivorycoast,abundance,"sherman, victor",trap_grid,no,trap_site,morphological,Ecology,"Biodiversity, Small mammal survey",No,Yes,Yes,No,,
https://doi.org/10.24072/pci.ecology.100044,2020,"Interplay between historical and current features of the cityscape in shaping the genetic structure of the house mouse ( Mus musculus domesticus) in Dakar (Senegal, West Africa)",Peer Community in Ecology,To characterise the genetic variation of the house mouse in Dakar,,,Claire Stragier,10.1101/557066,cs_2020_senegal,presence_absence,"sherman, local_wire_mesh",not_stated,no,study_site,molecular,Ecology,Phylogenetics of invasive rodent species,No,No,Incomplete,No,,
https://doi.org/10.3897/BDJ.7.e34754,2019,New records of bats and terrestrial small mammals from the Seli River in Sierra Leone before the construction of a hydroelectric dam,Biodiversity Data Journal,To catalogue the bat and terrestrial small mammals from the development of the Bumbuna phase 2 hydroelectric dam and to identify habitats and species of conservation concern,,,Natalie Weber,10.3897/BDJ.7.e34754,nw_2019_sierraleone,abundance,"sherman, victor, tomahawk",not_stated,no,study_site,"morphological, molecular",Ecology,"Biodiversity, Small mammal survey",Yes,No,Yes,No,,
https://doi.org/10.1080/22221751.2019.1605846,2019,Evaluation of rodent control to fight Lassa fever based on field data and mathematical modelling,Emerging Microbes and Infections,Aimed to paramaterise a model to estimate the effect of different control strategies on LASV invasion and extinction probability,,,Joachim Marien,10.1080/22221751.2019.1605846,jm_2019_guinea,abundance,sherman,line,yes,study_site,not_stated,Zoonoses risk,"Prevalence of zoonosis in animal population, Effect of rodent control on zoonosis risk",No,No,Yes,Yes,,
https://doi.org/10.3390/d11120238,2019,"Native and invasive small mammals in urban habitats along the commercial axis connecting Benin and Niger, West Africa",Diversity,Describe the distribution and spread of commensal small mammals along the coast-hinterland commercial axis connecting Benin and Niger,,,Karmidine Hima,10.3390/d11120238,kh_2019_multiple,abundance,"sherman, local_wire_mesh, firobind",purposeful_houses,yes,study_site,"morphological, molecular",Ecology,"Biodiversity, Rodent assemblage along an invasion front",Yes,Yes,Yes,No,,
https://doi.org/10.3390/v11020181,2019,Usutu virus isolated from rodents in Senegal,Viruses,Demonstrate potential new transmission vector or reservoir of Usutu virus in rodents,,,Moussa Diagne,10.3390/v11020181,md_2019_senegal,abundance,"local_wire_mesh, sherman",purposeful_houses,no,"trap_site, study_site","morphological, molecular",Zoonoses risk,Investigate reservoir of pathogen,No,No,Incomplete,Yes,,
https://doi.org/10.1016/j.ijppaw.2019.02.003,2019,Plagiorchis sp. in small mammals of Senegal and the potential emergence of a zoonotic trematodiasis,IJP: Parasites and Wildlife,"Aimed to investigate the lineage diversity, host spectrum and zoonotic potential of Plagiorchis in small mammals in the Senegal River basin",,,Stefano Catalano,10.1016/j.ijppaw.2019.02.003,sc_2019_senegal,abundance,not_stated,not_stated,no,study_site,morphological,Zoonoses risk,"Phylogenetics of pathogen in rodents, Parasite biodiversity",No,No,Incomplete,Yes,,
https://doi.org/10.1101/616466,2019,"Lassa Virus in the Host Rodent Mastomys Natalensis within Urban Areas of N’zerekore, Guinea",bioRxiv,To identify the prevalence of Lassa virus among rodent hosts within a large city in Guinea,,,L Karan,10.1101/616466,lk_2019_guinea,abundance,sherman,stratified_sampling,no,study_site,"morphological, molecular",Zoonoses risk,"Prevalence of zoonosis in animal population, Risk of spillover",No,No,Yes,Yes,,
https://doi.org/10.3201/eid2510.180523,2019,"Lassa Virus in Pygmy Mice, Benin, 2016–2017",Emerging Infectious Diseases,To investigate lassa transmission in the rodents in Benin near reported LASV cases in humans,,,Agnes Yadouleton,10.3201/eid2510.180523,ay_2019_benin,abundance,sherman,not_stated,no,study_site,"morphological, molecular",Zoonoses risk,"Prevalence of zoonosis in animal population, Risk of spillover",No,No,Incomplete,Yes,,
https://doi.org/10.2478/foecol-2019-0001,2019,Demographic response of the Gambian gerbil to seasonal changes in savannah fallow fields,Folio Oecologica,"Determine the influence of seasonal changes on the population dynamics of G. gambianus in natural, savannah grass fields, near Kano, Nigeria",,,Safianu Rabiu,10.2478/foecol-2019-0001,sr_2019_nigeria,abundance,modified_fitch,trap_grid,yes,study,morphological,Ecology,Population dynamics,No,No,No,No,,
https://doi.org/10.11648/j.eeb.20190404.11,2019,Population Dynamics and Genetics of Gerbillus nigeriae in Central Sahel: Implications for Rodent Pest Control,Ecology and Evolutionary Biology,Investigate the population dynamics of gerbillus nigeriae and it's implications for pest control,,,Karmidine Hima,10.11648/j.eeb.20190404.11,hk_2019_niger,abundance,local_wire_mesh,trap_grid,yes,study_site,molecular,Ecology,"Population dynamics, Pest control",No,No,Yes,No,,
https://doi.org/10.3390/urbansci3030099,2019,Pathogenic Leptospira in Commensal Small Mammals from the Extensively Urbanized Coastal Benin,Urban Science,Examine Leptospira occurrence and diversity in commensal small mammals in urban and peri-urban habitats from South Benin,,,Gualbert Houemenou,10.3390/urbansci3030099,gh_2019_benin,abundance,"sherman, local_wire_mesh",not_stated,no,trap_site,not_stated,Zoonoses risk,"Prevalence of zoonosis in animal population, Risk of spillover",No,No,No,Yes,,
https://doi.org/10.3126/ijasbt.v7i4.25581,2019,"Assessment of Terrestrial Small Mammals in an Agro-industrial Company Concession, Western Liberia",International Journal of Applied Sciences and Biotechnology,Report species richness and relative abundance of terrestrial small mammals in the Sime Darby Gross Concession Area,,,Kouame Akpatou,10.3126/ijasbt.v7i4.25581,ka_2019_liberia,abundance,"sherman, pitfall",line_transect,no,study_site,molecular,Ecology,"Biodiversity, Small mammal survey",No,Yes,Yes,No,,
https://doi.org/10.1016/j.ijpara.2018.11.004,2018,Diversity of Toxoplasma gondii strains shaped by commensal communities of small mammals,International Journal for Parasitology,Aimed to compare modified agglutination test for toxoplasma with quantitative PCR,To understant the prevalence levels between each species based on bioecological traits,Genotyping strains of toxoplasma to understand potential differences of host species to be reservoirs for specific strains,Lokman Galal,10.1016/j.ijpara.2018.11.004,lg_2018_senegal,abundance,"sherman, local_wire_mesh",purposeful_houses,no,study_site,not_stated,Zoonoses risk,"Phylogenetics of zoonoses, Host species diversity",No,No,Incomplete,Yes,,
https://doi.org/10.1017/S0031182018001427,2018,Rodents of Senegal and their role as intermediate hosts of Hydatigera spp. (Cestoda: Taeniidae),Parasitology,Evaluate host-parasite associations between small mammal species and larval taeniids,Whether any transmission patterns relative to habitat and host characteristics could be observed,,Stefano Catalano,10.1017/S0031182018001427,sc_2018_senegal,abundance,local_wire_mesh,not_stated,no,trap_site,morphological,Ecology,"Biodiversity of rodent parasites, Habitat effect on parasite assemblages",No,No,Yes,Rodent pathogen,,
https://doi.org/10.3389/fmicb.2018.00150,2018,Clinically relevant ESBL-producing K. pneumoniae ST307 and E. coli ST38 in an urban West African rat population,Frontiers in Microbiology,To detect potential reservoirs of ESBLE-e outside of clinical settings,,,Katharina Schaufler,10.3389/fmicb.2018.00150,ks_2018_guinea,abundance,sherman,not_stated,no,study_site,not_stated,Zoonoses risk,Investigate potential reservoir of pathogen,No,No,No,Yes,,
https://doi.org/10.1186/s13071-018-2991-5,2018,"Widespread arenavirus occurrence and seroprevalence in small mammals, Nigeria",Parasites and Vectors,Combine PCR detection data from previous work with serological data to provide insight into arenavirus occurrence within small mammals in Nigeria,,,Ayodeji Olayemi,10.1186/s13071-018-2991-5,ao_2018_nigeria,abundance,not_stated,line_transect,no,study_site,"morphological, molecular",Zoonoses risk,Prevalence of zoonoses in animal population,No,No,No,Yes,,
https://doi.org/10.1051/parasite/2018036,2018,"Seroprevalence of Toxoplasma gondii in commensal rodents sampled across Senegal, West Africa",Parasite,To characterise distribution of Toxoplasma gondii across Senegal,,,Carine Brouat,10.1051/parasite/2018036,cb_2018_senegal,abundance,not_stated,not_stated,no,study_site,morphological,Zoonoses risk,Prevalence of zoonoses in animal population,No,Yes,Incomplete,Yes,,
https://doi.org/10.1007/s10661-018-6858-1,2018,Urban green area provides refuge for native small mammal biodiversity in a rapidly expanding city in Ghana,Environmental Monitoring and Assessment,The impact of urbanisation and urban green areas on native small mammal species in Accra,,,Benjamin Ofori,10.1007/s10661-018-6858-1,bo_2018_ghana,abundance,sherman,line_transect,yes,study_site,morphological,Ecology,Biodiversity under changing land use,No,Yes,Yes,No,,
https://doi.org/10.1016/j.actatropica.2018.07.028,2018,Prevalence of Hepatozoon and Sarcocystis spp. in rodents and their ectoparasites in Nigeria,Acta Tropica,Determine the prevalence of Hepatozoon and Sarcocystis infections in rodents by molecular techniques,,,Joshua Kamani,10.1016/j.actatropica.2018.07.028,jk_2018_nigeria,abundance,local_wire_mesh,not_stated,yes,study_site,morphological,Zoonoses risk,Prevalence of zoonoses in animal population,No,No,No,Rodent pathogen,,
http://ncr-journal.bear-land.org/article/173,2018,"Terrestrial small mammal diversity and abundance in Taï National Park, Côte d'Ivoire",Nature Conservation Research,Compare the species richness and relative abundance of terrestrial small mammals in the three dominant TNP habitats,,,Kouame Akpatou,10.24189/ncr.2018.067,ka_2018_ivorycoast,abundance,"sherman, pitfall","trap_grid, line_transect",no,study,molecular,Ecology,"Biodiversity, Small mammal survey",No,Yes,Yes,No,,
https://doi.org/10.3347/kjp.2018.56.1.93,2018,"Endoparasites of Small Mammals in Edo State, Nigeria",The Korean Journal of Parasitology,"To conduct an assessment of helminth fauna, blood parasites and ectoparasites of rodents in Edo state",,,Isaac Clement,10.3347/kjp.2018.56.1.93,ic_2018_nigeria,abundance,sticky_trap,houses,no,study_site,morphological,Zoonoses risk,"Prevalence of zoonoses in animal population, Biodiversity of parasites",No,Yes,Incomplete,Yes,,
https://doi.org/10.1007/s00436-017-5404-3,2017,Whipworm diversity in West African rodents: a molecular approach and the description of Trichuris duplantieri n. sp. (Nematoda: Trichuridae),Parasitological Research,To characterise to species level the Trichuris specimens collected from several rodent species at different localities in West Africa,,,Alexis Ribas,10.1007/s00436-017-5404-3,ar_2017_multiple,presence,not_stated,not_stated,no,study_site,"morphological, molecular",Ecology,Biodiversity of rodent parasites,No,No,No,Rodent pathogen,,
https://doi.org/10.1038/hdy.2017.18,2017,"Genetic structure and invasion history of the house mouse (Mus musculus domesticus) in Senegal, West Africa: a legacy of colonial and contemporary times.",Heredity,To decipher the invasion history and spatial demographic dynamic of m. m. domesticus in Senegal,Assess the consequences of human history in shaping neutral genetic variation of this subspecies in its expanding range,,C Lippens,10.1038/hdy.2017.18,cl_2017_senegal,abundance,"sherman, local_wire_mesh",purposeful_houses,no,study_site,molecular,Ecology,"Rodent assemblage along an invasion front, Population dynamics",No,No,Incomplete,No,,
https://doi.org/10.1038/s41598-017-14880-1,2017,Ecological and sanitary impacts of bacterial communities associated to biological invasions in African commensal rodent communities,Scientific Reports,To characterise the zoonotic bacterial species along the invasion front of mus domesticus and rattus rattus in Senegal,,,Christophe Diagne,10.1038/s41598-017-14880-1,cd_2017_senegal,abundance,not_stated,not_stated,no,study_site,"morphological, molecular",Zoonoses risk,"Prevalence of zoonoses in animal population, Effect of invasive species on zoonosis risk",No,No,No,Yes,,
https://doi.org/10.1089/vbz.2017.2135,2017,"Serological survey of zoonotic viruses in invasive and native commensal rodents in Senegal, West Africa",Vector-Borne and Zoonotic Diseases,To characterise the zoonotic viral species in Senegal,,,Christophe Diagne,10.1089/vbz.2017.2135,cd_2017_senegal_2,abundance,not_stated,purposeful_houses,no,study_site,"morphological, molecular",Zoonoses risk,Prevalence of zoonoses in animal population,No,No,No,Yes,,
http://link.springer.com/10.1007/s10661-017-5960-0,2017,Impact of mining and forest regeneration on small mammal biodiversity in the Western Region of Ghana,Environmental Monitoring and Assessment,"To determine whether mining has any effect on the distribution, abundance, composition and diversity of small mammals, by comparing mined and unmined areas",Establish to what extent mitigation programmes like rehabilitation and natural regeneration of forest have been effective in reestablishing biodiversity in rehabilitated areas,,Daniel Attuquayefio,10.1007/s10661-017-5960-0,da_2017_ghana,abundance,sherman,line_transect,yes,study,morphological,Ecology,"Biodiversity, Impact of land use change on species composition",No,Yes,Yes,No,,
https://doi.org/10.3201/eid2104.141469,2015,"Sequence Variability and Geographic Distribution of Lassa Virus, Sierra Leone",Emerging Infectious Diseases,To identify circulating strains of LASV in rodents captured in peri-domestic settings in Sierra Leone,,,Thomasz Leski,10.3201/eid2104.141469,tl_2015_sierraleone,abundance,"sherman, local_wire_mesh",purposeful_houses,no,study_site,"morphological, molecular",Zoonoses risk,Prevalence of zoonoses in animal population,No,No,Incomplete,Yes,,
https://doi.org/10.1016/j.actatropica.2015.08.016,2015,Borrelia infection in small mammals in West Africa and its relationship with tick occurrence inside burrows,Acta Tropica,To analyse species composition and distribution of animals collected and whether Borrelia infection rates altered according to bioclimatic parameters and the presence or absence of ticks in burrows of the areas where they were collected,,,Georges Diatta,10.1016/j.actatropica.2015.08.016,gd_2015_multiple,abundance,"sherman, local_wire_mesh",purposeful_houses,no,study_site,"morphological, molecular",Zoonoses risk,"Effect of environment and climate on arthropod vectors, Risk of spillover",No,No,No,Yes,,
https://www.silvavir.com/wp-content/uploads/2011/06/SilvaVir_Chimbo_SmMammalsAmphibians_Boe_Report_2015_DEF_web.pdf,2015,"Small terrestrial mammal and amphibian survey Boé region, Guinea-Bissau.",Silvavir Forest Consultants,To catalogue the rodent and amphibians of Boe,,,R Mol,osf.io/nj5v8/,rm_2015_guineabissau,abundance,"sherman, heslinga",line_transect,no,study,morphological,Ecology,"Biodiversity, Small mammal survey",Yes,No,Incomplete,No,,
https://journals.plos.org/plosntds/article?id=10.1371/journal.pntd.0003437,2015,"Source Tracking Mycobacterium ulcerans Infections in the Ashanti Region, Ghana",PLOS NTD,Assess the role of small mammals as reservoirs of mycobacterium ulcerans,,,Charles Narh,10.1371/journal.pntd.0003437,cn_2015_ghana,presence,sherman,random_selection,no,study_site,morphological,Zoonoses risk,Investigate potential reservoir of pathogen,No,No,Incomplete,Yes,,
https://www.omicsonline.org/open-access/detection-of-mycobacterium-ulcerans-in-mastomys-natalensis-and-potential-transmission-in-buruli-ulcer-endemic-areas-in-cte-divoire-2161-1068-1000184.php?aid=56074,2015,Detection of Mycobacterium ulcerans in Mastomys natalensis and Potential Transmission in Buruli ulcer Endemic Areas in Côte d'Ivoire,Mycobacterial Diseases,To identify buruli ulcer like infections in small mammals which lived in close proximity to human environments,,,Christelle Dassi,10.4172/2161-1068.1000184,cd_2015_ghana,abundance,sherman,not_stated,no,study,morphological,Zoonoses risk,Investigate potential reservoir of pathogen,No,No,Yes,Yes,,
https://doi.org/10.1371/journal.pone.0110666,2014,"Spatial Segregation between invasive and native commensal rodents in an urban environment: a case study in Niamey, Niger",PLOS One,To describe the urban rodent community in Niamey,,,Madougou Garba,10.1371/journal.pone.0110666,mg_2014_niger,abundance,"sherman, local_wire_mesh","purposeful_houses, line_transect",no,trap_site,"morphological, molecular",Ecology,"Biodiversity, Rodent assemblage in an urban setting",No,No,Incomplete,No,,
http://ugspace.ug.edu.gh/handle/123456789/6306,2014,"Preliminary checklist and aspects of the ecology of small mammals at the University of Ghana Botanical Garden, Accra Plains, Ghana",Journal of Biodiversity and Environmental Sciences,Identify the small mammal species composition at the study site,,,Benjamin Ofori,2222-3045,bo_2014_ghana,abundance,sherman,line_transect,yes,study_site,morphological,Ecology,"Biodiversity, Small mammal survey",No,Yes,Yes,No,,
https://doi.org/10.1371/journal.pone.0078473,2013,"The epidemiology and geographic distribution of relapsing fever borreliosis in West and North Africa, with a review of the ornithodoros erraticus complex (Acari: Ixodida)",PLOS One,"To investigate the distribution and epidemiology of TBRF in West, North and Central Africa",,,Jean-Francois Trape,10.1371/journal.pone.0078473,jt_2013_multiple,abundance,lattice_work_traps,line_transect,no,study_site,"morphological, molecular",Zoonoses risk,Investigate distribution of zoonotic bacteria,No,No,Incomplete,Yes,,
https://doi.org/10.1111/mec.12112,2013,"Invasion genetics of the introduced black rat (rattus rattus) in Senegal, West Africa",Molecular Ecology,To bring together and summarise historical knowledge on the presence of the black rat in Senegal,To depict the spatial structure of neutral genetic variation in the black rat population,To infer the invasion pathways of R rattus into senegal,Adam Konecny,10.1111/mec.12112,ak_2013_senegal,abundance,not_stated,purposeful_houses,no,study_site,"morphological, molecular",Ecology,"Rodent assemblage along an invasion front, Historical range expansion",No,No,No,No,,
https://doi.org/10.1371/journal.pntd.0002246,2013,"Prevalence and diversity of Bartonella species in commensal rodents and ectoparasites from Nigeria, West Africa",PLOS NTD,To determine the possible infection of commensal rodents and their ectoparasites from Nigeria with Bartonella spp,,,Joshua Kamani,10.1371/journal.pntd.0002246,jk_2013_nigeria,abundance,local_wire_mesh,not_stated,no,study_site,not_stated,Zoonoses risk,"Prevalence of zoonoses in animal population, Prevalence of zoonotic bacteria in ectoparasites of rodents",No,No,No,Yes,,
https://doi.org/10.1515/mammalia-2012-0083,2013,Assessment of terrestrial small mammals and a record of the critically endangered shrew Crocidura wimmeri in Banco National Park (Cote d'Ivoire),Mammalia,"To determine the associations of Murids and Soricidae with primary forests, secondary forests and swamp and to determine whether any of the rare species have survived in the sanctuary",,,Blaise Kadjo,10.1515/mammalia-2012-0083,bk_2013_cotedivoire,abundance,"sherman, longworth",line_transect,yes,study,morphological,Ecology,"Biodiversity, Effect of nature reserves on biodiversity",No,Yes,Yes,No,,
https://doi.org/10.3201/eid1911.121491,2013,"Two Novel Arenaviruses Detected in Pygmy Mice, Ghana",Emerging Infectious Diseases,Investigating the prevalence of LASV in selected sites in Ghana,,,Karl Kronmann,10.3201/eid1911.121491,kk_2013_ghana,abundance,not_stated,line_transect,no,study_site,not_stated,Zoonoses risk,Prevalence of zoonoses in animal population,No,No,Incomplete,Yes,,
https://doi.org/10.5402/2013/502638,2013,"Leptospira spp. Prevalence in Small Mammal Populations in Cotonou, Benin",ISRN Epidemiology,Determine the prevalence of leptospirosis  in small mammals in Cotonou,,,Gualbert Houemenou,10.5402/2013/502638,gh_2013_benin,abundance,local_wire_mesh,not_stated,no,study,morphological,Zoonoses risk,Prevalence of zoonoses in animal population,No,No,Incomplete,Yes,,
https://doi.org/10.1111/aje.12055,2012,Ecology of a typical West African Sudanian savannah rodent community,African Journal of Ecology,Aimed to characterise the small mammal community in an area prior to gold mining activity,,,Khalilou Ba,10.1111/aje.12055,kb_2012_senegal,abundance,"sherman, local_wire_mesh, pitfall",line_transect,yes,study_site,"morphological, molecular",Ecology,"Biodiversity, Small mammal survey",Yes,No,Yes,No,,
https://doi.org/10.1371/journal.pntd.0001924,2012,"Endemic foci of tick-borne relapsing fever spirochete Borrelia crocidurae in Mali, West Africa and the potential for human infection",PLOS NTD,Aimed to identify the prevalence of Borrelia in small mammals in Mali,,,Tom Schwan,10.1371/journal.pntd.0001924,ts_2012_mali,abundance,sherman,purposeful,no,study_site,"morphological, molecular",Zoonoses risk,Prevalence of zoonoses in animal population,No,No,Incomplete,Yes,,
https://doi.org/10.1515/mammalia-2011-0012,2012,"On a new species of Dendromus (Rodentia, Nesomyidae) from Mount Nimba, Guinea",Mammalia,Aimed to revise Guinean specimens of Dendromus from Mount Nimba and surrounding materials including specimens collected in 2008,,,Christiane Denys,10.1515/mammalia-2011-0012,cd_2012_guinea,abundance,"sherman, pitfall",line_transect,no,study,"morphological, molecular",Ecology,Revision of species classification,No,No,Incomplete,No,,
https://doi.org/10.1016/j.actao.2012.01.002,2012,Demographic aspects of the island syndrome in two Afrotropical Mastomys rodent species,Acta Oecologica,Aimed to analyse survival and seniority of island rodent populations,,,Laurent Crespin,10.1016/j.actao.2012.01.002,lc_2012_senegal,abundance,local_wire_mesh,trap_grid,yes,study_site,not_stated,Ecology,"Population dynamics, Survival and recruitment in an island rodent population",No,No,Yes,No,,
https://doi.org/10.1016/j.jaridenv.2011.04.029,2011,Capacity for water conservation in invasive (Gerbillus nigeriae) and declining rodents (Taterillus pygargus and Taterillus gracilis) that exhibit climate-induced distribution changes in Senegal,Journal of Arid Environments,Aimed to investigate the effect of a 12 day water poor diet in the invasive species G. nigeriae and the declining species of T. pygargus and T. gracilis.,,,M. Thiam,10.1016/j.jaridenv.2011.04.029,mt_2011_senegal,abundance,local_wire_mesh,not_stated,no,study,molecular,Ecology,Effect of water poor diet on specific rodent species,No,No,No,No,,
https://doi.org/10.1111/j.1469-7998.2011.00803.x,2011,Extensive Robertsonian polymorphism in the African rodent Gerbillus nigeriae: geographic aspects and meiotic data,Journal of Zoology,Demonstrate the 2n variation in G. nigeriae,To use meoiotic preparations to karyotype the nature and extent of within population heterozygosity,,Karmidine Hima,10.1111/j.1469-7998.2011.00803.x,kh_2011_multiple,abundance,local_wire_mesh,not_stated,no,study_site,"morphological, molecular",Ecology,Investigate chromosomal variation in specific rodent species,No,No,No,No,,
https://doi.org/10.1016/j.mambio.2011.06.003,2011,Guinean biodiversity at the edge: Rodents in forest patchs of Southern Mali,Mammalian Biology,To characterise the rodent fauna of these patchy habitats relative to the surrounding Sudanian savanna matrix,To assess differences among study areas along the East-West axis of the wider study region,To check for possible Guinean affinities of these habitats via the finding of species having the centre of their distribution further south in the true Guinean forest zone,Laurent Granjon,10.1016/j.mambio.2011.06.003,lg_2011_mali,abundance,"local_wire_mesh, sherman",line_transect,yes,study_region,"morphological, molecular",Ecology,"Biodiversity, Effect of habitat type on rodent assemblages",Yes,Yes,Yes,No,,
https://doi.org/10.1371/journal.pone.0020893,2011,Novel arenavirus sequences in Hylomyscus sp. and Mus (Nannomys) setulosus from Cote d'Ivoire: Implications for evolution of arenaviruses in Africa,PLOS One,Aimed to perform a systematic search for old world Arenviruses in wildlife in Cote d'Ivoire,,,David Coulibaly-N'golo,10.1371/journal.pone.0020893,dc_2011_cotedivoire,abundance,not_stated,purposeful_houses,yes,study_site,morphological,Zoonoses risk,Investigate potential reservoir of pathogen,No,No,No,Yes,,
https://doi.org/10.1111/j.1365-2028.2009.01144.x,2010,"Diversity, dynamics and reproduction in a community of small mammals in Upper Guinea, with emphasis on pygmy mice ecology",African Journal of Ecology,Aimed to provide a reliable estimation of the taxonomic diversity of the small mammals in Upper Guinea,,,Elisabeth Fichet-Calvet,10.1111/j.1365-2028.2009.01144.x,fc_2010_guinea,abundance,sherman,line_transect,yes,study_site,"morphological, molecular",Ecology,Biodiversity,No,Yes,Yes,No,,
https://doi.org/10.1016/j.actatropica.2010.11.004,2010,Molecular survey of rodent-borne Trypanosoma in Niger with special emphasis on T. lewisi imported by invasive black rats,Acta Tropica,To investigate the presence of T. lewisi in native and invasive rodents in Niger,,,Gauthier Dobigny,10.1016/j.actatropica.2010.11.004,gd_2010_niger,abundance,"local_wire_mesh, sherman",not_stated,no,study_site,"morphological, molecular",Zoonoses risk,Prevalence of zoonoses in animal population,No,No,No,Yes,,
https://www.jstor.org/stable/40802598,2010,Variation in cestode assemblages of Mastomys and Arvicanthis species (Rodents: Muridae) from Lake Retba in Western Senegal,Journal of Parasitology,Aimed to compare the spatio-temporal variability of cestode infracommunities within and among the 3 sympatric host species to find whether they were parasitised by the same cestode species,"Whether within each host species if infracommunity variability is related to intrinsic, extrinsic, temporal or spatial factors",,R Sall-Drame,10.1645/GE-2437.1,rs_2010_senegal,abundance,"local_wire_mesh, sherman",line_transect,yes,study_site,morphological,Ecology,Biodiversity of rodent parasites,No,No,Yes,Rodent pathogen,,
https://doi.org/10.4269/ajtmh.2010.09-0716,2010,"A silent enzootic of an orthopoxvirus in Ghana, West Africa: Evidence for multi-species involvement in the absence of widespread human disease",American Journal of Tropical Medicine and Hygiene,Aimed to determine the geographic origin of a monkeypox outbreak in the USA traced back to Ghana,,,Mary Reynolds,10.4269/ajtmh.2010.09-0716,mr_2010_ghana,abundance,"sherman, local_wire_mesh",not_stated,no,study_site,morphological,Zoonoses risk,Investigating source of zoonotic outbreak,No,No,No,Yes,,
https://doi.org/10.1515/mamm.2010.026,2010,"Small mammal survey in the upper Seli River valley, Sierra Leone",Mammalia,Aimed to perform a post-war small mammal survey in sierra Leone in the context of the Bumbuna hydrolectric project,,,Jan Decher,10.1515/MAMM.2010.026,jd_2010_sierraleone,abundance,"sherman, victor, tomahawk, museum_special",line_transect,no,trap_site,morphological,Ecology,"Biodiversity, Small mammal survey",Yes,No,Yes,No,,
https://doi.org/10.1128/AEM.00199-10,2010,Terrestrial Small Mammals as Reservoirs of Mycobacterium ulcerans in Benin,Applied and Environmental Microbiology,To investigate the role of small terrestrial mammals on Mycobacterium ulcerans in Benin,,,Lies Durnez,10.1128/AEM.00199-10,ld_2010_benin,abundance,"sherman, box",not_stated,no,study_site,"morphological, molecular",Zoonoses risk,Investigate potential reservoir of pathogen,No,No,No,Yes,,
http://www.aensiweb.net/AENSIWEB/rjabs/rjabs/2010/144-149.pdf,2010,"A Survey of Rats Trapped in Residential Apartments and Their Ectoparasites in Makurdi, Nigeria.",Research Journal of Agriculture and Biological Sciences,Identify rodent species infesting human residences in Makurdi and identify their ectoparasite fauna,,,Edward Omudu,1816-1561,eo_2010_multiple,abundance,local_traps,purposeful_houses,no,study,morphological,Ecology,"Commensal rodent assemblages, Biodiversity of parasites",No,No,No,Rodent pathogen,,
https://doi.org/10.1111/j.1365-2028.2009.01144.x,2009,"Diversity and dynamics in a community of small mammals in coastal Guinea, West Africa",Belgian Journal of Zoology,Do the dynamics and demography of small mammal populations vary by seasonality,,,Elisabeth Fichet-Calvet,2295-0451,fc_2009_guinea,abundance,sherman,line_transect,yes,study_site,"morphological, molecular",Ecology,"Population dynamics, Seasonal changes in rodent assemblages",No,Yes,Incomplete,Yes,,
https://doi.org/10.1080/11250000802616817,2009,New data on the taxonomy and distribution of Rodentia (Mammalia) from the Western and coastal regions of Guinea West Africa,Italian Journal of Zoology,Aimed to understand the composition of rodent communities particularly Mastomys species found both in natural and anthropogenic zones,,,Christiane Denys,10.1080/11250000802616817,cd_2009_guinea,abundance,not_stated,not_stated,no,study_site,"morphological, molecular",Ecology,Understand rodent assemblages in different habitats,No,Yes,Incomplete,No,,
https://doi.org/10.1007/s10531-008-9389-1,2008,Diversity and distribution of murid rodent populations between forest and derived savanna sites within south western Nigeria.,Biodiversity and Conservation,to characterize murid rodent populations sampled within the study area employing multivariate morphometric methods in addition to other discrete characters;,to compare murid rodent diversity between forest and derived savanna sites; and,to provide information about species distribution limits as they are related to the forest and derived savanna zones of south western Nigeria.,Ayodeji Olayemi,10.1007/s10531-008-9389-1,ao_2008_nigeria,abundance,not_stated,trap_grid,yes,trap_site,morphological,Ecology,"Biodiversity, Characterise varied morphology of rodent species",No,Yes,Incomplete,No,,
http://www.ajol.info/index.php/gjs/article/view/56252,2008,"Biodiversity assessment (rodents and avifauna) of five forest reserves in the Brong-Ahafo Region, Ghana",Ghana Journal of Science,Characterise the existing avifauna and small mammal communities in the reserve with emphasis on identification of species of special interest to national and global conservation,,,D Attuquayefio,10.4314/gjs.v48i1.56252,da_2008_ghana,abundance,sherman,line_transect,no,study_site,morphological,Ecology,"Biodiversity, Small mammal survey",No,Yes,Yes,No,,
http://197.255.68.203/handle/123456789/972,2008,Cutaneous leishmaniasis in the Volta district of Ghana: An uncertain reservoir for focal disease outbreak,The Libyan Journal of Infectious Diseases,To determine the responsible reservoirs of L major in Ho district,,,G Raczniak,osf.io/g3r2e/,gr_2008_ghana,abundance,sherman,not_stated,no,study_site,morphological,Zoonoses risk,Investigate potential reservoir of pathogen,No,No,No,Yes,,
https://www.cambridge.org/core/product/identifier/S0266467408005105/type/journal_article,2008,"Annual flooding, survival and recruitment in a rodent population from the Niger River plain in Mali",Journal of Tropical Ecology,Describe the pattern of in survival and recruitment of Mastomys erythroleucus,,,Laurent Crespin,10.1017/S0266467408005105,lc_2008_mali,abundance,not_stated,line,yes,study_site,morphological,Ecology,"Population dynamics, Describe survival and recruitment",No,No,Incomplete,No,,
https://www.liebertpub.com/doi/10.1089/vbz.2006.0581,2007,Lassa Virus-Infected Rodents in Refugee Camps in Guinea: A Looming Threat to Public Health in a Politically Unstable Region,Vector-Borne and Zoonotic Diseases,To quantify risk of LASV in refugee camps in Guinea,,,Joseph Fair,10.1089/vbz.2006.0581,jf_2007_guinea,abundance,sherman,not_stated,no,study_site,morphological,Zoonoses risk,"Prevalence of zoonoses in animal population, Risk of spillover",No,No,Incomplete,Yes,,
http://catalog.hathitrust.org/api/volumes/oclc/76905467.html,2006,A rapid biological assessment of three classified forests in southeastern Guinea,RAP Bulletin of Biological Assessment 40,To study the rodent population and abundance of an area of high priority for conservation,,,Ryan Norris,1-881173-48-8,rn_2006_guinea,abundance,multiple,line,no,trap_line,morphological,Ecology,"Biodiversity, Small mammal survey",Yes,Yes,Yes,No,,
https://doi.org/10.1896/054.047.0116,2006,"A Rapid Biological Assessment of the Atewa Range Forest Reserve, Eastern Ghana",Conservation International,To survey the small mammals of Atewa,,,Natalie Weber,10.1896/054.047.0116,nw_2006_ghana,abundance,"tomahawk, sherman",line,no,study_site,morphological,Ecology,"Biodiversity, Small mammal survey",No,No,Incomplete,No,,
https://doi.org/10.1896/054.050.0114,2006,"Rapid Survey of the Small Mammals of Ajenjua Bepo and Mamang River Forest Reserves, Ghana",Conservation International,To survey the small mammals of Ajenjua Bepo and Mamang River,,,Patrick Barriere,10.1896/054.050.0114,pb_2006_ghana,abundance,"sherman, pitfall",not_stated,no,study_site,morphological,Ecology,"Biodiversity, Small mammal survey",No,No,Yes,No,,
https://www.ncbi.nlm.nih.gov/pmc/articles/PMC4170823/,2014,Lassa Serology in Natural Populations of Rodents and Horizontal Transmission,Vector-Borne and Zoonotic Diseases,Investigating the possible modes of LASV transmission by determining LASV specific in natural populations of M. natalensis living in high- and low-endemic zones for LASV.,,,Elisabeth Fichet-Calvet,10.1089/vbz.2013.1484,fc_2014_guinea,abundance,"arboreal_bottle_trap, ugglan, sherman",purposeful_houses,yes,study_site,not_stated,Zoonoses risk,"Prevalence of zoonoses in animal population, Risk of spillover",No,No,Incomplete,"Yes, second paper",10.1089/vbz.2006.0520,
https://doi.org/10.4314/gjs.v45i1.15906,2005,"Preliminary biodiversity assessment (herpetofauna and mammals) of a coastal wetland in the Volta region, Ghana",Ghana Journal of Science,Document the herpetofauna and mammals of a coastal wetland in Ghana,,,D Attuquayefio,10.4314/gjs.v45i1.15906,da_2005_ghana,presence_absence,"sherman, tomahawk",line_transect,no,study_site,morphological,Ecology,"Biodiversity, Small mammal survey",No,No,Incomplete,No,,
https://doi.org/10.1896/978-1-934151-01-3.47,2005,"Rapid survey of bats of North Lorma, Gola and Grebo National Forests, with notes on shrews and rodents",Conservation International,To rank the study sites according to relevance for biodiversity and conservation,,,Ara Monadjem,10.1896/978-1-934151-01-3.47,am_2005_liberia,abundance,"sherman, museum_special",line,no,study_site,morphological,Ecology,"Biodiversity, Identify sites of high priority for conservation efforts",No,No,Incomplete,No,,
https://press.uchicago.edu/ucp/books/book/distributed/B/bo4342936.html,2005,"A biological assessment of the terrestrial ecosystems of the Draw River, Boi-Tano, Tano Nimiri and Krokosua Hills forest reserves, southwestern Ghana",Conservation International,To conduct a comprehensive inventory of small mammal species,,,Jan Decher,978-1-881173-90-8,jd_2005_ghana,abundance,"sherman, victor, museum_special, pitfall",line,no,study_site,morphological,Ecology,"Biodiversity, Small mammal survey",Yes,No,Yes,No,,
https://doi.org/10.1046/j.0305-0270.2003.00999.x,2004,"Effects of climate and local aridity on the latitudinal and habitat distribution of Arvicanthis niloticus and Arvicanthis ansorgei (Rodentia, Murinae) in Mali",Journal of Biogeography,Investigate the effects of climate and local aridity on the latitudinal and habitat distribution of A. niloticus and A. ansorgei,,,B. Sicard,10.1046/j.0305-0270.2003.00999.x,bs_2004_mali,abundance,not_stated,line,no,trap_site,morphological,Ecology,Effect of habitat and aridity on rodent assemblages,No,No,Yes,No,,
https://doi.org/10.1896/054.047.0116,2004,"A rapid survey of terrestrial small mammals (shrews and rodents) of the Foret Classee du Pic de Fon, Guinea",Rapid Assessment Program,Surveying an area of extremely high and very high conservation priority in West Africa,,,Jan Decher,1-881173-75-5,jd_2004_guinea,abundance,"sherman, victor, museum_special, pitfall",line,no,study_site,morphological,Ecology,"Biodiversity, Small mammal survey",Yes,No,Yes,No,,
http://link.springer.com/10.1007/BF03192504,2004,"First results on the feeding ecology of sympatric shrews (Insectivora: Soricidae) in the Tai National Park, Ivory Coast",Acta Theriologica,To perform a study of the feeding ecology in a community of shrews in the Tai National Park,,,Sara Churchfield,10.1007/BF03192504,sc_2004_ivorycoast,abundance,"sherman, snap_trap, pitfall",line_transect,yes,study,molecular,Ecology,Investigate feeding ecology of shrews,No,Yes,Incomplete,No,,
https://doi.org/10.1046/j.1365-2907.2003.00007.x,2003,The importance of cytotaxonomy in understanding the biogeography of African rodents: Lake Chad murids as an example,Mammal Review,To investigate the dominant biogeographical affinities of the murid rodent community at this crossroads,Is the unique environment likely to represent a centre of endemism in this part of Afica?,,Laurent Granjon,10.1046/j.1365-2907.2003.00007.x,lg_2003_multiple,abundance,not_stated,purposeful,no,study_site,"morphological, molecular",Ecology,"Biodiversity, Rodent assemblages at a geographic crossroad",No,No,No,No,,
https://www.ajol.info/index.php/wajae/article/view/45582,2003,A study of bushfires in a Ghanaian coastal wetland. Impact on small mammals,African Journal of Applied Ecology,Investigate the effect of bushfires on the abundance and diversity of small rodent species,Assess the level of degradation of the wetland,,D Attuquayefio,0855-4307,da_2003_ghana,abundance,sherman,trap_grid,yes,study,morphological,Ecology,"Biodiversity, Investigate the impact of wildfires on population assemblages",No,Yes,Yes,No,,
https://doi.org/10.1515/mamm.2002.66.4.495,2002,"A cytotaxonomic survey of Rodents from Niger: implications for systematics, biodiversity and biogeography",Mammalia,To conduct an inventory of rodent species from Niger,,,Gauthier Dobigny,10.1515/mamm.2002.66.4.495,gd_2002_niger,presence_absence,"local_wire_mesh, pitfall, hand",purposeful,no,trap_site,"morphological, molecular",Ecology,"Biodiversity, Small mammal survey",No,No,No,No,,
https://doi.org/10.1089/15303660160025912,2001,Lassa Fever in Guinea: II. Distribution and Prevalence of Lassa Virus Infection in Small Mammals,Vector-Borne and Zoonotic Diseases,Investigate the distribution and prevalence of LV infection in small mammals in selected regions of Guinea,,,Austin Demby,10.1089/15303660160025912,ad_2001_guinea,abundance,sherman,"randomised_houses, arc",no,none,morphological,Zoonoses risk,"Prevalence of zoonoses in animal population, Risk of spillover",No,No,No,Yes,,
https://www.documentation.ird.fr/hor/fdi:010028452,2001,Preliminary study on some rodents of southern Mauritania as réservoir of human pathogenic viruses,African Small Mammals,To survey rodents to understand potential rodent borne viruses,,,Khalilou Ba,10028452,kb_2001_mauritania,abundance,local_wire_mesh,not_stated,no,study,molecular,Zoonoses risk,"Prevalence of zoonoses in animal population, Risk of spillover",No,No,No,Yes,,
https://doi.org/10.1017/S0022149X00000172,2000,"Rodents as reservoir hosts in the transmission of Schistosoma mansoni in Richard-Toll, Senegal, West Africa",Journal of Helminthology,To identify which rodent species are potential carriers of S. mansoni and to establish the distribution of S. mansoni among the various biotopes occupied by these rodents,,,J Duplantier,10.1017/S0022149X00000172,jd_2000_senegal,abundance,"firobind, manufrance",line,yes,study,morphological,Zoonoses risk,"Prevalence of zoonoses in animal population, Distribution of zoonoses across the region",No,No,Incomplete,Yes,,
https://www.researchgate.net/publication/255414166,2000,Ecology of rodent commuities in agricultural habitats in Eastern Sierra Leone: Cocoa groves as forest refugia,Tropical Ecology,Aimed to compare forest rodent fauna of cocoa groves of different ages,,,Adrian Barnett,0564-3295,ab_2000_sierraleone,abundance,snap_trap,trap_grid,no,study,morphological,Ecology,"Biodiversity, Effect of habitat structure on rodent assemblages",No,Yes,Yes,No,,
https://www.zoologicalbulletin.de/BzB_Volumes/Volume_49_1_2_3_4/101_114_BZB49_1_2_3_4_Meinig_Holger.PDF,1999,"Notes on the mammal fauna of the southern part of the Republic of Mali, West Africa.",Bonn Zoological Bulletin,To investigate the mammalian fauna of Southern Mali,,,Holger Meinig,0006-7172,hm_1999_mali,presence_absence,snap_trap,not_stated,no,study_site,morphological,Ecology,"Biodiversity, Small mammal survey",No,No,No,No,,
https://doi.org/10.1111/j.1469-7998.1999.tb01002.x,1999,Diversity and structure of terrestrial small mammal communities in different vegetation types on the Accra Plains of Ghana,Journal of Zoology,Aimed to identify the small mammal communities in the vegetation zones of the Accra plains,Whether the introduction of the neem tree contributes to a reduction in small mammal diversity and abundance,,Jan Decher,10.1111/j.1469-7998.1999.tb01002.x,jd_1999_ghana,abundance,sherman,not_stated,yes,study_site,morphological,Ecology,"Biodiversity, Effect of foreign tree species on rodent assemblages",No,Yes,Yes,No,,
https://doi.org/10.4269/ajtmh.1994.50.165,1994,A longitudinal survey of Borrelia croidurae prevalence in rodents and insectivores in Senegal,American Journal of Tropical Medicine and Hygiene,To determine the importance and the dynamics of the berreliosis animal reservoir in a rural area of Northern Senegal,,,Bruno Godeluck,10.4269/ajtmh.1994.50.165,bg_1994_senegal,abundance,manufrance,line,yes,study,morphological,Zoonoses risk,Investigate potential reservoir of pathogen,No,No,Yes,Yes,,
https://rcin.org.pl/dlibra/doccontent?id=12166,1993,Social structure in synanthropic populations of a murid rodent Mastomys natalensis in Senegal,Acta Theriologica,Evaluate the social organisation of synanthropic populations of Mastomys natalensis,,,Laurent Granjon,10.4098/AT.arch.93-3,lg_1993_senegal,abundance,"firobind, manufrance",not_stated,yes,none,morphological,Ecology,Social organisation of commensal rodents,No,No,No,No,,
https://apps.dtic.mil/sti/citations/ADA254536,1992,"Mainenance support of a field station in Sierra Leone, West Africa",US Army Medical Research and Development Command,Report of the Lassa fever programme of the US CDC,,,Brian Mahy,ADA254536,bm_1992_sierraleone,abundance,"sherman, tomahawk",not_stated,yes,none,morphological,Zoonoses risk,"Prevalence of zoonoses in animal population, Risk of spillover",No,No,Incomplete,Yes,,
https://doi.org/10.1016/0140-6736(91)93404-W,1991,Tick-borne borreliosis in West Africa,The Lancet,"To determine the prevalence of relapsing fever in Senegal, patients in a rural dispensary and small mammals were tested",,,J Trape,10.1016/0140-6736(91)93404-W,jt_1991_senegal,abundance,not_stated,not_stated,no,study_site,morphological,Zoonoses risk,Prevalence of zoonoses in animal population,No,No,No,Yes,,
http://doi.wiley.com/10.1111/j.1365-2028.1988.tb00970.x,1988,"Distribution of small rodents and shrews in a lowland rain forest zone of Nigeria, with observations on their reproductive biology",African Journal of Ecology,Identify habitat preferences of rodents in Ogba Forest Reserve Nigeria,,,J. Iyawe,10.1111/j.1365-2028.1988.tb00970.x,ji_1988_nigeria,abundance,museum_special,line,no,study,morphological,Ecology,"Biodiversity, Impact of land use change on species composition",No,No,Incomplete,No,,
https://academic.oup.com/jid/article-lookup/doi/10.1093/infdis/155.3.437,1987,A Prospective Study of the Epidemiology and Ecology of Lassa Fever,Journal of Infectious Diseases,Investigate the epidemiological and ecological issues surrounding LASV in Eastern Sierra Leone,,,Joseph McCormick,10.1093/infdis/155.3.437,jm_1987_sierraleone,abundance,sherman,purposeful_houses,no,none,morphological,Zoonoses risk,Investigate potential reservoir of pathogen,No,No,Incomplete,Yes,,
http://dx.doi.org/10.1080/00034983.1979.11687282,1979,Isolation of Leishmania major from Mastomys erythroleucus and Tatera gambiana in Senegal (West Africa),Annals of Tropical Medicine and Parasitology,To investigate the potential animal reservoirs of Leishmania major in Senegal,,,J P Dedet,10.1080/00034983.1979.11687282,jd_1979_senegal,abundance,local_wire_mesh,not_stated,yes,study_site,morphological,Zoonoses risk,Investigate potential reservoir of pathogen,No,No,No,Yes,,
https://doi.org/10.2307/2402806,1977,Rodent ecology and land use in Western Ghana,Journal of Applied Ecology,The aims in this study examines the impact of introducing agriculture into a primary tropical forest on rodent ecology,,,Sonia Jeffrey,10.2307/2402806,sj_1977_ghana,abundance,museum_special,line_transect,yes,study,morphological,Ecology,"Biodiversity, Impact of land use change on species composition",No,Yes,Yes,No,,
http://hdl.handle.net/2042/58304,1977,A population study on small rodents in the tropical rain forest of Nigeria,La Terre et la Vie,Describe the population dynamics of seven sympatric rodent species in a rain forest in Western Nigeria,,,D. C. D. Happold,http://hdl.handle.net/2042/58304,dh_1977_nigeria,abundance,havahart,trap_grid,yes,study,morphological,Ecology,Population dynamics,No,No,Incomplete,No,,
https://www.ncbi.nlm.nih.gov/pmc/articles/PMC2366652/,1975,Recent isolations of Lassa virus from Nigerian rodents,Bulletin of the World Health Organisation,Investigating potential sources of LASV reservoir hosts,,,Herta Wulff,PMC2366652,hw_1975_nigeria,abundance,"snap_trap, hand",not_stated,no,none,morphological,Zoonoses risk,Investigate potential reservoir of pathogen,No,No,No,Yes,,
https://doi.org/10.1126/science.185.4147.263,1974,Lassa virus isolation from Mastomys natalensis rodents during an epidemic in Sierra Leone,Science,Investigating the source of a Lassa fever outbreak in Sierra Leone,,,Thomas Monath,10.1126/science.185.4147.263,tm_1974_sierraleone,abundance,"live_traps, purchased",not_stated,no,none,morphological,Zoonoses risk,Investigating source of zoonotic outbreak,No,No,No,Yes,,
https://www.researchgate.net/profile/David-Happold/publication/329465563_The_small_Rodents_of_the_forest_savanna_farmland_association_near_Ibadan_Nigeria_with_observations_on_reproduction_biology/links/5c09ebd0299bf139c7446f63/The-small-Rodents-of-the-forest-savanna-farmland-association-near-Ibadan-Nigeria-with-observations-on-reproduction-biology.pdf,1974,"The small rodents of the forest-savanna-farmland association near Ibadan, Nigeria, with observations on reproduction biology",Revue de Zoologie et de Botanique Africaines,To determine the species of rodents in a region of secondary forest and farmland in Western Nigeria,,,D. C. D. Happold,329465563,dh_1974_nigeria,abundance,local_wire_mesh,opportunistic,no,study,morphological,Ecology,"Biodiversity, Impact of land use change on species composition",No,No,No,No,,
https://doi.org/10.1007/s11356-020-11325-7,2021,"Wild black rats (Rattus rattus Linnaeus, 1758) as zoomonitor of genotoxicity and systemic toxicity induced by hazardous emissions from Abule Egba unsanitary landfill, Lagos, Nigeria.",Environmental science and pollution research international,To investigate the somatic and germ cell genotoxicity and systemic toxicity effects of in situ exposure to emmisions from a refuse site on resident wild black rats,,,Chibuisi Alimba,10.1007/s11356-020-11325-7,ca_2021_nigeria,abundance,sherman,not_stated,no,trap_site,morphological,Ecology,Effect of human produced waste on rodents,No,No,No,No,,None
https://doi.org/10.1007/s11262-019-01709-4,2020,Detection of possible spillover of a novel hantavirus in a Natal mastomys from Guinea.,Virus genes,To investigate the prevalence of hantavirus in small mammals living in close proximity to humans,,,Leonce Kouadio,10.1007/s11262-019-01709-4,lk_2020_multiple,abundance,sherman,not_stated,no,study_site,molecular,Zoonoses risk,Prevalence of zoonoses in animal population,No,No,Incomplete,Yes,,"German Research Foundation, EDCTP, Robert Koch Institute"
https://dx.doi.org/10.25518/1780-4507.18326,2020,"Invasive rodents and damages to food stocks: a study in the Autonomous Harbor of Cotonou, Benin.",Biotechnologie Agronomie Societe et Environnement,To determine the relative importance and distribution of native vs invasive rodent species,To evaluate the amount and associated costs of rodent induced damages,,Henri-Joel Dossou,10.25518/1780-4507.18326,hd_2020_benin,abundance,local_wire_mesh,not_stated,no,study,morphological,Ecology,"Rodent assemblage, Assessment of pest impact",No,No,Yes,No,,Not reported
https://dx.doi.org/10.4269/ajtmh.19-0727,2020,Molecular Detection of Microorganisms Associated with Small Mammals and Their Ectoparasites in Mail,American Journal of Tropical Medicine and Hygiene,To use molecular tools to detect bacteria and protozoans in small mammals and their ectoparasites in mali,To assess the prevalence of pathogens in different locations,,Adama Diarra,10.4269/ajtmh.19-0727,ad_2020_mali,abundance,wire_mesh,"line, purposeful_houses",no,study_site,morphological,Zoonoses risk,Prevalence of zoonoses in animal population,No,No,No,Yes,,"French National Research Agency, European FEVER PRIMI funding"
https://doi.org/10.1007/s10393-018-1331-8,2018,Movement Patterns of Small Rodents in Lassa Fever-Endemic Villages in Guinea,EcoHealth,To investigate the movement of rodent species into and out of fields,To identify the home range size of M. natalensis,,Marien Joachim,10.1007/s10393-018-1331-8,mj_2018_guinea,abundance,sherman,trap_grid,yes,study_site,morphological,Ecology,"Seasonal habitat preferences, Home range size",No,No,Yes,No,,Not reported
https://doi.org/10.3201/eid2204.150155,2016,"Arenavirus Diversity and Phylogeography of Mastomys natalensis Rodents, Nigeria",Emerging Infectious Diseases,Determine which M natalensis rodent cytochrome b phylogroups are infected with LASV,Identify the limits of distribution of these phylogroups within Nigeria,,Ayodeji Olayemi,10.3201/eid2204.150155,ao_2016_nigeria,abundance,sherman,not_stated,no,study_site,"morphological, molecular",Zoonoses risk,"Prevalence of zoonoses in animal population, Phylogeography of host species",No,No,No,Yes,,European Foundation Initiative for African Research into Neglected Tropical Diseases
https://doi.org/10.1038/srep25280,2016,New Hosts of The Lassa Virus,Scientific Reports,To identify potential hosts of LASV in Nigerian rodents,,,Ayodeji Olayemi,10.1038/srep25280,ao_2016_multiple,abundance,not_stated,not_stated,yes,study_site,"morphological, molecular",Zoonoses risk,Investigate potential reservoir of pathogen,No,No,Incomplete,Yes,,European Foundation Initiative for African Research into Neglected Tropical Diseases
https://doi.org/10.1007/s10661-016-5320-5,2016,"Spatio-temporal variation in small mammal species richness, relative abundance and body mass reveal changes in a coastal wetland ecosystem in Ghana",Environmental Monitoring and Assessment,"To assess the species richness, relative abundance and body mass of small mammals at the Muni-Pomadze Ramsar site, and compare these to the findings from a baseline study in 1997",,,Benjamin Ofori,10.1007/s10661-016-5320-5,bo_2016_ghana,abundance,"sherman, pitfall",line,yes,study_site,morphological,Ecology,"Biodiversity, Effect of ecological change on rodent populations",Yes,Yes,Yes,No,,Open Society Foundations
http://www.ojvr.org/index.php/ojvr/article/view/899/html,2015,Serological survey of antibodies to Toxoplasma gondii and Coxiella burnetii in rodents in north-western African islands (Canary Islands and Cape Verde).,Onderstepoort Journal of Veterinary Research,To understand the epidemiology of C. burnetii and T. gondii in African archipelagos,,,Pilar Foronda,10.4102/ojvr.v82i1.899,pf_2015_capeverde,abundance,sherman,purposeful_houses,no,island,not_stated,Zoonoses risk,Prevalence of zoonoses in animal population,No,No,No,Yes,,Spanish Ministry funding
https://www.researchgate.net/publication/261041768_Effect_of_habitat_change_through_infrastructural_development_on_small_mammal_diversity_and_abundance_on_the_Legon_campus_of_the_University_of_Ghana,2013,Effect of Habitat Change through Infrastructural Development on Small Mammal Diversity and Abundance on the Legon Campus of the University of Ghana.,West African Journal of Applied Ecology,To compare the diversity and abundance of small mammales of the University of Ghana camus to that of the adjoining botanical garden,Investigate the association of infrastructural development on the diversity and abundance of small mammals,,Reuben Garshong,261041768,rg_2013_ghana,abundance,sherman,purposeful_habitat,no,study_site,morphological,Ecology,"Biodiversity, Effect of habitat structure on rodent assemblages",No,Yes,Yes,No,,Not reported
https://doi.org/10.3201/eid1607.100146,2010,"Detection of Lassa Virus, Mali",Emerging Infectious Diseases,To investigate the presence of Lassa mammarenavirus in Mali,,,David Safronetz,10.3201/eid1607.100146,ds_2010_mali,abundance,not_stated,not_stated,no,study_site,"morphological, molecular",Zoonoses risk,"Investigating source of zoonotic outbreak, Prevalence of zoonoses in animal population",No,No,Yes,Yes,,US NIH
https://doi.org/10.1111/j.1365-2028.2010.01221.x,2010,"Terrestrial small mammal diversity and abundance in central Benin: comparison between habitats, with conservation implications",African Journal of Ecology,Performed a small mammal species inventory,To investigate the presence of several forest species,To investigate whether different habitat types harbour distinct small mammal communities,Violaine Nicolas,10.1111/j.1365-2028.2010.01221.x,vn_2010_benin,abundance,"sherman, pitfall, snap_trap",line_transect,no,study_site,"morphological, molecular",Ecology,"Biodiversity, Small mammal survey",Yes,Yes,Yes,No,,Government of Benin
https://doi.org/10.1111/j.1365-2028.2009.01169.x,2010,Indications of higher diversity and abundance of small rodents in human-influenced Sudanian savannah than in the Niokolo Koba National Park (Senegal).,African Journal of Ecology,To test the predictions of the umbrella species hypothesis,To investigate the abundance and diversity of small terrestrial mammal communities in protected and unprotected areas,,Adam Konecny,10.1111/j.1365-2028.2009.01169.x,ak_2010_senegal,abundance,"wire_mesh, sherman, snap_trap",line,yes,study_site,"morphological, molecular",Ecology,"Test umbrella hypothesis, Biodiversity",Yes,Yes,Yes,No,,Academy of Sciences of the Czech Republic
https://doi.org/10.4314/ari.v6i3.55986,2009,"Studies on the seasonal variations and prevalence of helminth fauna of the black rat, Rattus rattus (L) (Rodentia: Muridae) from different microhabitats in Nsukka, Nigeria.",Animal Research International,To investigate the prevalence of helminths in Rattus rattus population in Nsukka,,,Ivoke Njoku,10.4314/ari.v6i3.55986,in_2009_nigeria,abundance,wire_mesh,"purposeful_houses, purposeful_outdoors",yes,study,not_stated,Ecology,Biodiversity of rodent parasites,No,No,No,Rodent pathogen,,Not reported
https://doi.org/10.1644/1545-1542(2005)86[997:PDOTMR]2.0.CO;2,2005,Population dynamics of the multimammate rat Mastomys huberti in an annually flooded agricultural region of central Mali,Journal of Mammology,To investigate the annual density cycle of  M. huberti,To investigate the consequences of the annual flood on population dynamics,,Laurent Granjon,10.1644/1545-1542(2005)86[997:PDOTMR]2.0.CO;2,ln_2005_mali,abundance,"local_wire_mesh, wire_mesh",line,yes,study_site,morphological,Ecology,"Population dynamics, Response to floods",No,No,Yes,No,,Not reported
https://doi.org/10.1017/S0952836904005977,2005,Patterns of specific diversity and population size in small mammals from arboreal and ground-dwelling guilds of a forest area in southern Nigeria,Journal of Zoology,Is species richness of the studied community higher at the level of a given guild or not,Are populations of ground dwelling species more abundant than arboreal species,,Francesco Angelici,10.1017/S0952836904005977,fa_2005_nigeria,abundance,"longworth, wire_mesh, snare_trap",line_transect,yes,study,morphological,Ecology,"Biodiversity, Small mammal survey",No,No,Incomplete,No,,"Italian Foundation fo Vertebrate Zoology, Amertex Oil and Gas, World Bank, Individual Fellowships"
https://doi.org/10.1046/j.0141-6707.2001.00353.x,2002,The small mammal community of a coastal site of south-west Mauritania,African Journal of Ecology,To perform a small mammal survey,,,Laurent Granjon,10.1046/j.0141-6707.2001.00353.x,lg_2002_mauritania,abundance,"wire_mesh, sherman, INRA",line,no,study,morphological,Ecology,"Biodiversity, Small mammal survey",No,No,Yes,No,,European Community
https://doi.org/10.1017/S0022149X00015947,1997,"Gastrointestinal helminth parasites of the black rat (Rattus rattus) in Abeokuta, southwest Nigeria.",Journal of Helminthology,Investigate the helminth fauna of Rattus rattus,,,C Mafiana,10.1017/S0022149X00015947,cm_1997_nigeria,abundance,metal_cages,purposeful_houses,no,study,morphological,Ecology,Biodiversity of rodent parasites,No,No,No,Rodent pathogen,,Not reported
https://doi.org/10.1016/0035-9203(95)90642-8,1995,Mastomys natalensis and Tatera gambiana as probable reservoirs of human cutaneous leishmaniasis in Nigeria.,Transactions of the Royal Society of Tropical Medicine and Hygiene,Investigate potential reservoirs of Leishmania major,,,E Ikeh,10.1016/0035-9203(95)90642-8,ei_1995_nigeria,abundance,local_spring_trap,"purposeful_houses, purposeful_outdoors",no,study,morphological,Zoonoses risk,Investigate potential reservoir of pathogen,No,No,Incomplete,Yes,,Private
https://doi.org/10.1016/0035-9203(94)90412-X,1994,A comparative study of three methods of detection of Borrelia crocidurae in wild rodents in Senegal,Transactions of the Royal Society of Tropical Medicine and Hygiene,Investigate the prevalence of Borrelia crocidurae in Senegal,,,G Diatta,10.1016/0035-9203(94)90412-X,gd_1994_senegal,abundance,lattice_work_traps,purposeful_houses,no,study,morphological,Zoonoses risk,Investigate potential reservoir of pathogen,No,No,No,Yes,,Not reported
https://doi.org/10.4269/ajtmh.1983.32.624,1983,Mastomys (rodentia: muridae) species distinguished by hemoglobin pattern differences.,The American journal of tropical medicine and hygiene,Investigate the utility of haemoglobin electrophoresis in speciation for mastomys,,,C Robbins,10.4269/ajtmh.1983.32.624,cr_1983_sierraleone,abundance,sherman,not_stated,no,study_site,"morphological, molecular",Ecology,Investigate the possibility of haemoglobin to speciate mastomys,No,No,No,No,,US NIH
https://pubmed.ncbi.nlm.nih.gov/7043824/,1982,"Bacteriological survey of leptospirosis in Zaria, Nigeria.",Tropical and geographical medicine,Investigate potential reservoirs of Leishmania major,,,A Diallo,7043824,ad_1982_nigeria,abundance,not_stated,"purposeful_houses, purposeful_outdoors",yes,study,morphological,Zoonoses risk,Investigate potential reservoir of pathogen,No,No,No,Yes,,University funding
https://doi.org/10.1515/mamm.1975.39.4.523,1975,"Mammalian ecological studies on Mount Nimba, Liberia.",Mammalia,To perform a small mammal survey,,,Malcolm Coe,10.1515/mamm.1975.39.4.523,mc_1975_liberia,abundance,"snap_trap, mcgill, havaheart",line,yes,study,morphological,Ecology,Small mammal survey,No,No,Incomplete,No,,Industry funding
https://doi.org/10.1023/A:1008964000018,2000,"Mammal fauna of the Muni-Pomadze Ramsa site, Ghana",Biodiversity and Conservation,To conduct a small mammal survey,,,James Ryan,10.1023/A:1008964000018,jr_2000_ghana,abundance,"sherman, national",trap_line,no,study,morphological,Ecology,Small mammal survey,Yes,No,Yes,No,,Global Environment Facility
https://www.researchgate.net/publication/286729972_Effects_of_Urbanization_and_Agricultural_Expansion_on_the_Upsurge_of_Wild_Rats_Rattus_rattus_in_Yenagoa_Metropolis_of_Bayelsa_State_Nigeria,2012,"Effects of Urbanization and Agricultural Expansion on the Upsurge of Wild Rats (Rattus rattus) in Yenagoa Metropolis of Bayelsa State, Nigeria","Research Journal of Applied Sciences, Engineering and Technology",To investigate the prevalence and relative distribution of Rattus rattus in Yenagoa,,,Amawulu Ebenezer,2040-7467,ae_2012_nigeria,abundance,"local_wire_mesh, snap_trap",trap_line,yes,study,morphological,Ecology,Small mammal survey,No,No,Yes,No,,
