rodent_record_id,study_id,scientificName,eventDate,locality,country,verbatimLocality,coordinate_resolution,decimalLatitude,decimalLongitude,individualCount,trapEffort,trapEffortResolution,trapping notes,study_area,estimated_yn
a_1,a_133,Apodemus flavicollis,2000,Dos Gaggio/Cavendine,Italy,,,,,450,,,,,
a_2,a_133,Apodemus sylvaticus,2000,Dos Gaggio/Cavendine,Italy,,,,,2,,,,,
a_3,a_133,Apodemus sp.,2000,Dos Gaggio/Cavendine,Italy,,,,,4,,,,,
a_4,a_133,Clethrionomys glareolus,2000,Dos Gaggio/Cavendine,Italy,,,,,0,,,,,
a_5,a_133,Apodemus flavicollis,2000,Laghi di Lamar,Italy,,,,,42,,,,,
a_6,a_133,Apodemus sylvaticus,2000,Laghi di Lamar,Italy,,,,,6,,,,,
a_7,a_133,Apodemus sp.,2000,Laghi di Lamar,Italy,,,,,4,,,,,
a_8,a_133,Clethrionomys glareolus,2000,Laghi di Lamar,Italy,,,,,49,,,,,
a_9,a_133,Apodemus flavicollis,2001,Dos Gaggio/Cavendine,Italy,,,,,143,,,,,
a_10,a_133,Clethrionomys glareolus,2001,Dos Gaggio/Cavendine,Italy,,,,,1,,,,,
a_11,a_133,Apodemus flavicollis,2001,Laghi di Lamar,Italy,,,,,1,,,,,
a_12,a_133,Clethrionomys glareolus,2001,Laghi di Lamar,Italy,,,,,0,,,,,
a_13,a_133,Apodemus flavicollis,2002,Dos Gaggio/Cavendine,Italy,,,,,372,,,,,
a_14,a_133,Clethrionomys glareolus,2002,Dos Gaggio/Cavendine,Italy,,,,,28,,,,,
a_15,a_133,Apodemus flavicollis,2002,Laghi di Lamar,Italy,,,,,52,,,,,
a_16,a_133,Clethrionomys glareolus,2002,Laghi di Lamar,Italy,,,,,32,,,,,
a_17,a_133,Apodemus flavicollis,2003,Dos Gaggio/Cavendine,Italy,,,,,140,,,,,
a_18,a_133,Clethrionomys glareolus,2003,Dos Gaggio/Cavendine,Italy,,,,,2,,,,,
a_19,a_133,Apodemus flavicollis,2003,Laghi di Lamar,Italy,,,,,,,,,,
a_20,a_133,Clethrionomys glareolus,2003,Laghi di Lamar,Italy,,,,,,,,,,
a_21,a_133,Apodemus flavicollis,2002,Malga Campo,Italy,,,,,124,,,,,
a_22,a_133,Apodemus sylvaticus,2002,Malga Campo,Italy,,,,,3,,,,,
a_23,a_133,Clethrionomys glareolus,2002,Malga Campo,Italy,,,,,127,,,,,
a_24,a_133,Microtus arvalis,2002,Malga Campo,Italy,,,,,2,,,,,
a_25,a_133,Apodemus flavicollis,2002,Molveno,Italy,,,,,33,,,,,
a_26,a_133,Clethrionomys glareolus,2002,Molveno,Italy,,,,,1,,,,,
a_27,a_133,Apodemus flavicollis,2002,Val di Cembra,Italy,,,,,96,,,,,
a_28,a_133,Apodemus sylvaticus,2002,Val di Cembra,Italy,,,,,4,,,,,
a_29,a_133,Clethrionomys glareolus,2002,Val di Cembra,Italy,,,,,28,,,,,
a_30,a_133,Microtus arvalis,2002,Val di Cembra,Italy,,,,,6,,,,,
a_31,a_133,Apodemus flavicollis,2002,Val di Fiemme,Italy,,,,,11,,,,,
a_32,a_133,Clethrionomys glareolus,2002,Val di Fiemme,Italy,,,,,10,,,,,
a_33,a_133,Apodemus flavicollis,2002,Val di Non,Italy,,,,,37,,,,,
a_34,a_133,Clethrionomys glareolus,2002,Val di Non,Italy,,,,,32,,,,,
a_35,a_133,Apodemus flavicollis,2002,Val di Sella,Italy,,,,,10,,,,,
a_36,a_110,Microtus arvalis,2018-09/2018-11,Aukštaitija,Lithuania,,city,"55.742318804091425, 24.357756339959874",24.35775634,1,,,"during September, October and beginning of November 2015 to 2018",,
a_37,a_110,Microtus arvalis,2018-09/2018-11,Ažuožeriai,Lithuania,,village,55.5020659,25.03471147,30,,,"during September, October and beginning of November 2015 to 2018",,
a_38,a_110,Microtus oeconomus,2018-09/2018-11,Ažuožeriai,Lithuania,,village,55.5020659,25.03471147,4,,,"during September, October and beginning of November 2015 to 2018",,
a_39,a_110,Microtus arvalis,2018-09/2018-11,Barčiai,Lithuania,,village,54.18874918,24.66998927,11,,,"during September, October and beginning of November 2015 to 2018",,
a_40,a_110,Microtus arvalis,2018-09/2018-11,Gaurė,Lithuania,,town,55.24120282,22.46971147,4,,,"during September, October and beginning of November 2015 to 2018",,
a_41,a_110,Microtus oeconomus,2018-09/2018-11,Gaurė,Lithuania,,town,55.24120282,22.46971147,2,,,"during September, October and beginning of November 2015 to 2018",,
a_42,a_110,Microtus agrestis,2015-09/2015-11,Juodkrantė,Lithuania,,town,55.54344254,21.1205556,1,,,"during September, October and beginning of November 2015 to 2018",,
a_43,a_110,Microtus oeconomus,2015-09/2015-11,Juodkrantė,Lithuania,,town,55.54344254,21.1205556,2,,,"during September, October and beginning of November 2015 to 2018",,
a_44,a_110,Microtus arvalis,2018-09/2018-11,Kalpokai,Lithuania,,village,56.07428044,23.96497854,7,,,"during September, October and beginning of November 2015 to 2018",,
a_45,a_110,Microtus agrestis,2018-09/2018-11,Kvėdarna,Lithuania,,town,55.55673949,21.99306633,1,,,"during September, October and beginning of November 2015 to 2018",,
a_46,a_110,Microtus arvalis,2018-09/2018-11,Luksnėnai,Lithuania,,village,54.398168,23.93143181,6,,,"during September, October and beginning of November 2015 to 2018",,
a_47,a_110,Microtus oeconomus,2018-09/2018-11,Luksnėnai,Lithuania,,village,54.398168,23.93143181,3,,,"during September, October and beginning of November 2015 to 2018",,
a_48,a_110,Microtus agrestis,2015-09/2015-11,Rusnė,Lithuania,,town,55.29812887,21.37418816,12,,,"during September, October and beginning of November 2015 to 2018",,
a_49,a_110,Microtus oeconomus,2015-09/2015-11,Rusnė,Lithuania,,town,55.29812887,21.37418816,42,,,"during September, October and beginning of November 2015 to 2018",,
a_50,a_110,Microtus agrestis,2016-09/2016-11,Rusnė,Lithuania,,town,55.29812887,21.37418816,7,,,"during September, October and beginning of November 2015 to 2018",,
a_51,a_110,Microtus oeconomus,2016-09/2016-11,Rusnė,Lithuania,,town,55.29812887,21.37418816,7,,,"during September, October and beginning of November 2015 to 2018",,
a_52,a_110,Microtus agrestis,2017-09/2017-11,Rusnė,Lithuania,,town,55.29812887,21.37418816,4,,,"during September, October and beginning of November 2015 to 2018",,
a_53,a_110,Microtus arvalis,2017-09/2017-11,Rusnė,Lithuania,,town,55.29812887,21.37418816,1,,,"during September, October and beginning of November 2015 to 2018",,
a_54,a_110,Microtus oeconomus,2017-09/2017-11,Rusnė,Lithuania,,town,55.29812887,21.37418816,8,,,"during September, October and beginning of November 2015 to 2018",,
a_55,a_110,Microtus agrestis,2018-09/2018-11,Rusnė,Lithuania,,town,55.29812887,21.37418816,10,,,"during September, October and beginning of November 2015 to 2018",,
a_56,a_110,Microtus oeconomus,2018-09/2018-11,Rusnė,Lithuania,,town,55.29812887,21.37418816,3,,,"during September, October and beginning of November 2015 to 2018",,
a_57,a_110,Microtus arvalis,2018-09/2018-11,Taujėnai,Lithuania,,town,55.39037527,24.76115401,9,,,"during September, October and beginning of November 2015 to 2018",,
a_58,a_110,Microtus oeconomus,2018-09/2018-11,Taujėnai,Lithuania,,town,55.39037527,24.76115401,1,,,"during September, October and beginning of November 2015 to 2018",,
a_59,a_110,Microtus oeconomus,2017-09/2017-11,Tauragirë,Lithuania,,town,55.4445174,25.8172222,1,,,"during September, October and beginning of November 2015 to 2018",,
a_60,a_110,Microtus arvalis,2016-09/2016-11,Trakai,Lithuania,,town,54.63963555,24.93391101,11,,,"during September, October and beginning of November 2015 to 2018",,
a_61,a_110,Microtus agrestis,2018-09/2018-11,Tytuvėnai,Lithuania,,town,55.59812831,23.19364328,1,,,"during September, October and beginning of November 2015 to 2018",,
a_62,a_110,Microtus arvalis,2018-09/2018-11,Tytuvėnai,Lithuania,,town,55.59812831,23.19364328,1,,,"during September, October and beginning of November 2015 to 2018",,
a_63,a_110,Microtus oeconomus,2018-09/2018-11,Tytuvėnai,Lithuania,,town,55.59812831,23.19364328,1,,,"during September, October and beginning of November 2015 to 2018",,
a_64,a_110,Microtus arvalis,2018-09/2018-11,Užpaliai,Lithuania,,town,55.63843953,25.58222189,9,,,"during September, October and beginning of November 2015 to 2018",,
a_65,a_110,Microtus arvalis,2018-09/2018-11,Užubaliai,Lithuania,,village,54.77258043,25.19723293,4,,,"during September, October and beginning of November 2015 to 2018",,
a_66,a_110,Microtus arvalis,2017-09/2017-11,Vabalninkas,Lithuania,,city,55.97957043,24.75053414,15,,,"during September, October and beginning of November 2015 to 2018",,
a_67,a_110,Microtus oeconomus,2017-09/2017-11,Vabalninkas,Lithuania,,city,55.97957043,24.75053414,1,,,"during September, October and beginning of November 2015 to 2018",,
a_68,a_110,Microtus agrestis,2017-09/2017-11,Žalgiriai,Lithuania,,human settlement ,55.31123319,21.43637817,10,,,"during September, October and beginning of November 2015 to 2018",,
a_69,a_110,Microtus oeconomus,2017-09/2017-11,Žalgiriai,Lithuania,,human settlement ,55.31123319,21.43637817,4,,,"during September, October and beginning of November 2015 to 2018",,
a_70,a_200,Akodon montensis*,2003/2007,Mbaracayú Reserve,Paraguay,,nature reserve,"24°06'43""S"," 55°26'51""W",641,8 nights,,"2 months between sampling sessions. Each mark-recapture grid consisted of an 11 × 11 array of trap stations spaced 10 m apart, each of which had 1 standard live trap (H.B. Sherman Traps, Tallahassee, FL, USA). Rodents also collected in a series of traplines, each of which contained 50 traps placed ≈10 m apart.",,645.65 km2
a_71,a_200,Calomys callosus*,2003/2007,Mbaracayú Reserve,Paraguay,,nature reserve,"24°06'43""S"," 55°26'51""W",63,8 nights,,"2 months between sampling sessions. Each mark-recapture grid consisted of an 11 × 11 array of trap stations spaced 10 m apart, each of which had 1 standard live trap (H.B. Sherman Traps, Tallahassee, FL, USA). Rodents also collected in a series of traplines, each of which contained 50 traps placed ≈10 m apart.",,645.65 km2
a_72,a_200,Calomys tener,2003/2007,Mbaracayú Reserve,Paraguay,,nature reserve,"24°06'43""S"," 55°26'51""W",2,8 nights,,"2 months between sampling sessions. Each mark-recapture grid consisted of an 11 × 11 array of trap stations spaced 10 m apart, each of which had 1 standard live trap (H.B. Sherman Traps, Tallahassee, FL, USA). Rodents also collected in a series of traplines, each of which contained 50 traps placed ≈10 m apart.",,645.65 km2
a_73,a_200,Calomys sp.,2003/2007,Mbaracayú Reserve,Paraguay,,nature reserve,"24°06'43""S"," 55°26'51""W",7,8 nights,,"2 months between sampling sessions. Each mark-recapture grid consisted of an 11 × 11 array of trap stations spaced 10 m apart, each of which had 1 standard live trap (H.B. Sherman Traps, Tallahassee, FL, USA). Rodents also collected in a series of traplines, each of which contained 50 traps placed ≈10 m apart.",,645.65 km2
a_74,a_200,Clyomys laticeps,2003/2007,Mbaracayú Reserve,Paraguay,,nature reserve,"24°06'43""S"," 55°26'51""W",1,8 nights,,"2 months between sampling sessions. Each mark-recapture grid consisted of an 11 × 11 array of trap stations spaced 10 m apart, each of which had 1 standard live trap (H.B. Sherman Traps, Tallahassee, FL, USA). Rodents also collected in a series of traplines, each of which contained 50 traps placed ≈10 m apart.",,645.65 km2
a_75,a_200,Dasypus novemcinctus,2003/2007,Mbaracayú Reserve,Paraguay,,nature reserve,"24°06'43""S"," 55°26'51""W",1,8 nights,,"2 months between sampling sessions. Each mark-recapture grid consisted of an 11 × 11 array of trap stations spaced 10 m apart, each of which had 1 standard live trap (H.B. Sherman Traps, Tallahassee, FL, USA). Rodents also collected in a series of traplines, each of which contained 50 traps placed ≈10 m apart.",,645.65 km2
a_76,a_200,Dasypus septemcinctus,2003/2007,Mbaracayú Reserve,Paraguay,,nature reserve,"24°06'43""S"," 55°26'51""W",1,8 nights,,"2 months between sampling sessions. Each mark-recapture grid consisted of an 11 × 11 array of trap stations spaced 10 m apart, each of which had 1 standard live trap (H.B. Sherman Traps, Tallahassee, FL, USA). Rodents also collected in a series of traplines, each of which contained 50 traps placed ≈10 m apart.",,645.65 km2
a_77,a_200,Gracilinanus sp.,2003/2007,Mbaracayú Reserve,Paraguay,,nature reserve,"24°06'43""S"," 55°26'51""W",1,8 nights,,"2 months between sampling sessions. Each mark-recapture grid consisted of an 11 × 11 array of trap stations spaced 10 m apart, each of which had 1 standard live trap (H.B. Sherman Traps, Tallahassee, FL, USA). Rodents also collected in a series of traplines, each of which contained 50 traps placed ≈10 m apart.",,645.65 km2
a_78,a_200,Holochilus chacarius,2003/2007,Mbaracayú Reserve,Paraguay,,nature reserve,"24°06'43""S"," 55°26'51""W",1,8 nights,,"2 months between sampling sessions. Each mark-recapture grid consisted of an 11 × 11 array of trap stations spaced 10 m apart, each of which had 1 standard live trap (H.B. Sherman Traps, Tallahassee, FL, USA). Rodents also collected in a series of traplines, each of which contained 50 traps placed ≈10 m apart.",,645.65 km2
a_79,a_200,Monodelphis domestica,2003/2007,Mbaracayú Reserve,Paraguay,,nature reserve,"24°06'43""S"," 55°26'51""W",4,8 nights,,"2 months between sampling sessions. Each mark-recapture grid consisted of an 11 × 11 array of trap stations spaced 10 m apart, each of which had 1 standard live trap (H.B. Sherman Traps, Tallahassee, FL, USA). Rodents also collected in a series of traplines, each of which contained 50 traps placed ≈10 m apart.",,645.65 km2
a_80,a_200,Mus musculus,2003/2007,Mbaracayú Reserve,Paraguay,,nature reserve,"24°06'43""S"," 55°26'51""W",1,8 nights,,"2 months between sampling sessions. Each mark-recapture grid consisted of an 11 × 11 array of trap stations spaced 10 m apart, each of which had 1 standard live trap (H.B. Sherman Traps, Tallahassee, FL, USA). Rodents also collected in a series of traplines, each of which contained 50 traps placed ≈10 m apart.",,645.65 km2
a_81,a_200,Necromys lasiurus,2003/2007,Mbaracayú Reserve,Paraguay,,nature reserve,"24°06'43""S"," 55°26'51""W",124,8 nights,,"2 months between sampling sessions. Each mark-recapture grid consisted of an 11 × 11 array of trap stations spaced 10 m apart, each of which had 1 standard live trap (H.B. Sherman Traps, Tallahassee, FL, USA). Rodents also collected in a series of traplines, each of which contained 50 traps placed ≈10 m apart.",,645.65 km2
a_82,a_200,Oligoryzomys fornesi*,2003/2007,Mbaracayú Reserve,Paraguay,,nature reserve,"24°06'43""S"," 55°26'51""W",72,8 nights,,"2 months between sampling sessions. Each mark-recapture grid consisted of an 11 × 11 array of trap stations spaced 10 m apart, each of which had 1 standard live trap (H.B. Sherman Traps, Tallahassee, FL, USA). Rodents also collected in a series of traplines, each of which contained 50 traps placed ≈10 m apart.",,645.65 km2
a_83,a_200,Oligoryzomys nigripes*,2003/2007,Mbaracayú Reserve,Paraguay,,nature reserve,"24°06'43""S"," 55°26'51""W",44,8 nights,,"2 months between sampling sessions. Each mark-recapture grid consisted of an 11 × 11 array of trap stations spaced 10 m apart, each of which had 1 standard live trap (H.B. Sherman Traps, Tallahassee, FL, USA). Rodents also collected in a series of traplines, each of which contained 50 traps placed ≈10 m apart.",,645.65 km2
a_84,a_200,Oligoryzomys sp.,2003/2007,Mbaracayú Reserve,Paraguay,,nature reserve,"24°06'43""S"," 55°26'51""W",15,8 nights,,"2 months between sampling sessions. Each mark-recapture grid consisted of an 11 × 11 array of trap stations spaced 10 m apart, each of which had 1 standard live trap (H.B. Sherman Traps, Tallahassee, FL, USA). Rodents also collected in a series of traplines, each of which contained 50 traps placed ≈10 m apart.",,645.65 km2
a_85,a_200,Oryzomys angouya,2003/2007,Mbaracayú Reserve,Paraguay,,nature reserve,"24°06'43""S"," 55°26'51""W",30,8 nights,,"2 months between sampling sessions. Each mark-recapture grid consisted of an 11 × 11 array of trap stations spaced 10 m apart, each of which had 1 standard live trap (H.B. Sherman Traps, Tallahassee, FL, USA). Rodents also collected in a series of traplines, each of which contained 50 traps placed ≈10 m apart.",,645.65 km2
a_86,a_200,Oryzomys buccinatus,2003/2007,Mbaracayú Reserve,Paraguay,,nature reserve,"24°06'43""S"," 55°26'51""W",1,8 nights,,"2 months between sampling sessions. Each mark-recapture grid consisted of an 11 × 11 array of trap stations spaced 10 m apart, each of which had 1 standard live trap (H.B. Sherman Traps, Tallahassee, FL, USA). Rodents also collected in a series of traplines, each of which contained 50 traps placed ≈10 m apart.",,645.65 km2
a_87,a_200,Oryzomys megacephalus,2003/2007,Mbaracayú Reserve,Paraguay,,nature reserve,"24°06'43""S"," 55°26'51""W",51,8 nights,,"2 months between sampling sessions. Each mark-recapture grid consisted of an 11 × 11 array of trap stations spaced 10 m apart, each of which had 1 standard live trap (H.B. Sherman Traps, Tallahassee, FL, USA). Rodents also collected in a series of traplines, each of which contained 50 traps placed ≈10 m apart.",,645.65 km2
a_88,a_200,Oryzomys sp.,2003/2007,Mbaracayú Reserve,Paraguay,,nature reserve,"24°06'43""S"," 55°26'51""W",18,8 nights,,"2 months between sampling sessions. Each mark-recapture grid consisted of an 11 × 11 array of trap stations spaced 10 m apart, each of which had 1 standard live trap (H.B. Sherman Traps, Tallahassee, FL, USA). Rodents also collected in a series of traplines, each of which contained 50 traps placed ≈10 m apart.",,645.65 km2
a_89,a_200,Oxymycterus delator*,2003/2007,Mbaracayú Reserve,Paraguay,,nature reserve,"24°06'43""S"," 55°26'51""W",57,8 nights,,"2 months between sampling sessions. Each mark-recapture grid consisted of an 11 × 11 array of trap stations spaced 10 m apart, each of which had 1 standard live trap (H.B. Sherman Traps, Tallahassee, FL, USA). Rodents also collected in a series of traplines, each of which contained 50 traps placed ≈10 m apart.",,645.65 km2
a_90,a_200,Oxymycterus misionalis,2003/2007,Mbaracayú Reserve,Paraguay,,nature reserve,"24°06'43""S"," 55°26'51""W",5,8 nights,,"2 months between sampling sessions. Each mark-recapture grid consisted of an 11 × 11 array of trap stations spaced 10 m apart, each of which had 1 standard live trap (H.B. Sherman Traps, Tallahassee, FL, USA). Rodents also collected in a series of traplines, each of which contained 50 traps placed ≈10 m apart.",,645.65 km2
a_91,a_200,Rattus rattus,2003/2007,Mbaracayú Reserve,Paraguay,,nature reserve,"24°06'43""S"," 55°26'51""W",1,8 nights,,"2 months between sampling sessions. Each mark-recapture grid consisted of an 11 × 11 array of trap stations spaced 10 m apart, each of which had 1 standard live trap (H.B. Sherman Traps, Tallahassee, FL, USA). Rodents also collected in a series of traplines, each of which contained 50 traps placed ≈10 m apart.",,645.65 km2
a_92,a_200,Scapteromys aquaticus,2003/2007,Mbaracayú Reserve,Paraguay,,nature reserve,"24°06'43""S"," 55°26'51""W",4,8 nights,,"2 months between sampling sessions. Each mark-recapture grid consisted of an 11 × 11 array of trap stations spaced 10 m apart, each of which had 1 standard live trap (H.B. Sherman Traps, Tallahassee, FL, USA). Rodents also collected in a series of traplines, each of which contained 50 traps placed ≈10 m apart.",,645.65 km2
a_93,a_200,Unknown,2003/2007,Mbaracayú Reserve,Paraguay,,nature reserve,"24°06'43""S"," 55°26'51""W",5,8 nights,,"2 months between sampling sessions. Each mark-recapture grid consisted of an 11 × 11 array of trap stations spaced 10 m apart, each of which had 1 standard live trap (H.B. Sherman Traps, Tallahassee, FL, USA). Rodents also collected in a series of traplines, each of which contained 50 traps placed ≈10 m apart.",,645.65 km2
a_94,a_205,Rattus norvegicus,2005,Beijing,China,Built-up land,,,,582,3 nights,,HFRS-epidemic seasons of 2005 and 2007. 100 traps for 3 consecutive nights as four parallel lines of 25 traps each.,,
a_95,a_205,Rattus norvegicus,2005,Beijing,China,Forest,,,,26,3 nights,,HFRS-epidemic seasons of 2005 and 2007. 100 traps for 3 consecutive nights as four parallel lines of 25 traps each.,,
a_96,a_205,Rattus norvegicus,2005,Beijing,China,Farmland,,,,196,3 nights,,HFRS-epidemic seasons of 2005 and 2007. 100 traps for 3 consecutive nights as four parallel lines of 25 traps each.,,
a_97,a_205,Rattus norvegicus,2005,Beijing,China,Rice agriculture,,,,68,3 nights,,HFRS-epidemic seasons of 2005 and 2007. 100 traps for 3 consecutive nights as four parallel lines of 25 traps each.,,
a_98,a_205,Rattus norvegicus,2005,Beijing,China,Orchards,,,,20,3 nights,,HFRS-epidemic seasons of 2005 and 2007. 100 traps for 3 consecutive nights as four parallel lines of 25 traps each.,,
a_99,a_205,Mus musculus,2005,Beijing,China,Built-up land,,,,178,3 nights,,HFRS-epidemic seasons of 2005 and 2007. 100 traps for 3 consecutive nights as four parallel lines of 25 traps each.,,
a_100,a_205,Mus musculus,2005,Beijing,China,Forest,,,,10,3 nights,,HFRS-epidemic seasons of 2005 and 2007. 100 traps for 3 consecutive nights as four parallel lines of 25 traps each.,,
a_101,a_205,Mus musculus,2005,Beijing,China,Farmland,,,,81,3 nights,,HFRS-epidemic seasons of 2005 and 2007. 100 traps for 3 consecutive nights as four parallel lines of 25 traps each.,,
a_102,a_205,Mus musculus,2005,Beijing,China,Rice agriculture,,,,22,3 nights,,HFRS-epidemic seasons of 2005 and 2007. 100 traps for 3 consecutive nights as four parallel lines of 25 traps each.,,
a_103,a_205,Mus musculus,2005,Beijing,China,Orchards,,,,26,3 nights,,HFRS-epidemic seasons of 2005 and 2007. 100 traps for 3 consecutive nights as four parallel lines of 25 traps each.,,
a_104,a_205,Apodemus agrarius,2005,Beijing,China,Built-up land,,,,36,3 nights,,HFRS-epidemic seasons of 2005 and 2007. 100 traps for 3 consecutive nights as four parallel lines of 25 traps each.,,
a_105,a_205,Apodemus agrarius,2005,Beijing,China,Forest,,,,69,3 nights,,HFRS-epidemic seasons of 2005 and 2007. 100 traps for 3 consecutive nights as four parallel lines of 25 traps each.,,
a_106,a_205,Apodemus agrarius,2005,Beijing,China,Farmland,,,,27,3 nights,,HFRS-epidemic seasons of 2005 and 2007. 100 traps for 3 consecutive nights as four parallel lines of 25 traps each.,,
a_107,a_205,Apodemus agrarius,2005,Beijing,China,Rice agriculture,,,,5,3 nights,,HFRS-epidemic seasons of 2005 and 2007. 100 traps for 3 consecutive nights as four parallel lines of 25 traps each.,,
a_108,a_205,Apodemus agrarius,2005,Beijing,China,Orchards,,,,8,3 nights,,HFRS-epidemic seasons of 2005 and 2007. 100 traps for 3 consecutive nights as four parallel lines of 25 traps each.,,
a_109,a_205,A. peninsulae,2005,Beijing,China,Built-up land,,,,13,3 nights,,HFRS-epidemic seasons of 2005 and 2007. 100 traps for 3 consecutive nights as four parallel lines of 25 traps each.,,
a_110,a_205,A. peninsulae,2005,Beijing,China,Forest,,,,118,3 nights,,HFRS-epidemic seasons of 2005 and 2007. 100 traps for 3 consecutive nights as four parallel lines of 25 traps each.,,
a_111,a_205,A. peninsulae,2005,Beijing,China,Farmland,,,,27,3 nights,,HFRS-epidemic seasons of 2005 and 2007. 100 traps for 3 consecutive nights as four parallel lines of 25 traps each.,,
a_112,a_205,A. peninsulae,2005,Beijing,China,Rice agriculture,,,,0,3 nights,,HFRS-epidemic seasons of 2005 and 2007. 100 traps for 3 consecutive nights as four parallel lines of 25 traps each.,,
a_113,a_205,A. peninsulae,2005,Beijing,China,Orchards,,,,4,3 nights,,HFRS-epidemic seasons of 2005 and 2007. 100 traps for 3 consecutive nights as four parallel lines of 25 traps each.,,
a_114,a_205,Other species,2005,Beijing,China,Built-up land,,,,26,3 nights,,HFRS-epidemic seasons of 2005 and 2007. 100 traps for 3 consecutive nights as four parallel lines of 25 traps each.,,
a_115,a_205,Other species,2005,Beijing,China,Forest,,,,82,3 nights,,HFRS-epidemic seasons of 2005 and 2007. 100 traps for 3 consecutive nights as four parallel lines of 25 traps each.,,
a_116,a_205,Other species,2005,Beijing,China,Farmland,,,,9,3 nights,,HFRS-epidemic seasons of 2005 and 2007. 100 traps for 3 consecutive nights as four parallel lines of 25 traps each.,,
a_117,a_205,Other species,2005,Beijing,China,Rice agriculture,,,,3,3 nights,,HFRS-epidemic seasons of 2005 and 2007. 100 traps for 3 consecutive nights as four parallel lines of 25 traps each.,,
a_118,a_205,Other species,2005,Beijing,China,Orchards,,,,3,3 nights,,HFRS-epidemic seasons of 2005 and 2007. 100 traps for 3 consecutive nights as four parallel lines of 25 traps each.,,
a_119,a_207,Peromyscus pectoralis,2003,Los Cedros,Mexico,Tropical Subdecidous Forest,,23.00449414,-99.16600462,104,"6,032 trap-nights",,"Summer - May to August. San Jose (1,320 m) and Los Cedros (320 m) are 8km apart. 200 Sherman live traps, set 10 m apart. 248 rodents trapped in both sites. 199 tested",,
a_120,a_207,Sigmodon toltecus,2003,Los Cedros,Mexico,Tropical Subdecidous Forest,,23.00449414,-99.16600462,37,"6,032 trap-nights",,"Summer - May to August. San Jose (1,320 m) and Los Cedros (320 m) are 8km apart. 200 Sherman live traps, set 10 m apart. 248 rodents trapped in both sites. 199 tested",,
a_121,a_207,Oryzomys couesi,2003,Los Cedros,Mexico,Tropical Subdecidous Forest,,23.00449414,-99.16600462,21,"6,032 trap-nights",,"Summer - May to August. San Jose (1,320 m) and Los Cedros (320 m) are 8km apart. 200 Sherman live traps, set 10 m apart. 248 rodents trapped in both sites. 199 tested",,
a_122,a_207,Liomys irroratus,2003,Los Cedros,Mexico,Tropical Subdecidous Forest,,23.00449414,-99.16600462,13,"6,032 trap-nights",,"Summer - May to August. San Jose (1,320 m) and Los Cedros (320 m) are 8km apart. 200 Sherman live traps, set 10 m apart. 248 rodents trapped in both sites. 199 tested",,
a_123,a_207,Baiomys taylori,2003,Los Cedros,Mexico,Tropical Subdecidous Forest,,23.00449414,-99.16600462,10,"6,032 trap-nights",,"Summer - May to August. San Jose (1,320 m) and Los Cedros (320 m) are 8km apart. 200 Sherman live traps, set 10 m apart. 248 rodents trapped in both sites. 199 tested",,
a_124,a_207,Oligoryzomys fulvescens,2003,Los Cedros,Mexico,Tropical Subdecidous Forest,,23.00449414,-99.16600462,6,"6,032 trap-nights",,"Summer - May to August. San Jose (1,320 m) and Los Cedros (320 m) are 8km apart. 200 Sherman live traps, set 10 m apart. 248 rodents trapped in both sites. 199 tested",,
a_125,a_207,Rattus rattus,2003,Los Cedros,Mexico,Tropical Subdecidous Forest,,23.00449414,-99.16600462,4,"6,032 trap-nights",,"Summer - May to August. San Jose (1,320 m) and Los Cedros (320 m) are 8km apart. 200 Sherman live traps, set 10 m apart. 248 rodents trapped in both sites. 199 tested",,
a_126,a_207,Reithrodontomys fulvescens,2003,Los Cedros,Mexico,Tropical Subdecidous Forest,,23.00449414,-99.16600462,2,"6,032 trap-nights",,"Summer - May to August. San Jose (1,320 m) and Los Cedros (320 m) are 8km apart. 200 Sherman live traps, set 10 m apart. 248 rodents trapped in both sites. 199 tested",,
a_127,a_207,Mus musculus,2003,Los Cedros,Mexico,Tropical Subdecidous Forest,,23.00449414,-99.16600462,1,"6,032 trap-nights",,"Summer - May to August. San Jose (1,320 m) and Los Cedros (320 m) are 8km apart. 200 Sherman live traps, set 10 m apart. 248 rodents trapped in both sites. 199 tested",,
a_128,a_207,Oryzomys rostratus,2003,Los Cedros,Mexico,Tropical Subdecidous Forest,,23.00449414,-99.16600462,1,"6,032 trap-nights",,"Summer - May to August. San Jose (1,320 m) and Los Cedros (320 m) are 8km apart. 200 Sherman live traps, set 10 m apart. 248 rodents trapped in both sites. 199 tested",,
a_129,a_207,Peromyscus levipes,2003,San Jose,Mexico,Cloud Forest,,23.04403697,-99.22803414,32,"6,032 trap-nights",,"Summer - May to August. San Jose (1,320 m) and Los Cedros (320 m) are 8km apart. 200 Sherman live traps, set 10 m apart. 248 rodents trapped in both sites. 199 tested",,
a_130,a_207,Peromyscus ochraventer,2003,San Jose,Mexico,Cloud Forest,,23.04403697,-99.22803414,12,"6,032 trap-nights",,"Summer - May to August. San Jose (1,320 m) and Los Cedros (320 m) are 8km apart. 200 Sherman live traps, set 10 m apart. 248 rodents trapped in both sites. 199 tested",,
a_131,a_207,Oryzomys chapmani,2003,San Jose,Mexico,Cloud Forest,,23.04403697,-99.22803414,4,"6,032 trap-nights",,"Summer - May to August. San Jose (1,320 m) and Los Cedros (320 m) are 8km apart. 200 Sherman live traps, set 10 m apart. 248 rodents trapped in both sites. 199 tested",,
a_132,a_207,Cryptotis obscura,2003,San Jose,Mexico,Cloud Forest,,23.04403697,-99.22803414,1,"6,032 trap-nights",,"Summer - May to August. San Jose (1,320 m) and Los Cedros (320 m) are 8km apart. 200 Sherman live traps, set 10 m apart. 248 rodents trapped in both sites. 199 tested",,
a_133,a_211,Oxymycterus spp.,2005-03-12/15,Punta Ballena,Uruguay,small peninsula,,-34.88915628,-55.03841186,66,"1,100 trap nights",12.10%,,,20 km2
a_134,a_211,Oligoryzomys nigripes,2005-03-12/15,Punta Ballena,Uruguay,small peninsula,,-34.88915628,-55.03841186,31,"1,100 trap nights",12.10%,,,20 km2
a_135,a_211,Scapteromys tumidus,2005-03-12/15,Punta Ballena,Uruguay,small peninsula,,-34.88915628,-55.03841186,14,"1,100 trap nights",12.10%,,,20 km2
a_136,a_211,Oligoryzomys flavescens,2005-03-12/15,Punta Ballena,Uruguay,small peninsula,,-34.88915628,-55.03841186,14,"1,100 trap nights",12.10%,,,20 km2
a_137,a_211,Akodon azarae,2005-03-12/15,Punta Ballena,Uruguay,small peninsula,,-34.88915628,-55.03841186,6,"1,100 trap nights",12.10%,,,20 km2
a_138,a_211,Necromys obscurus,2005-03-12/15,Punta Ballena,Uruguay,small peninsula,,-34.88915628,-55.03841186,1,"1,100 trap nights",12.10%,,,20 km2
a_139,a_211,Rattus rattus,2005-03-12/15,Punta Ballena,Uruguay,small peninsula,,-34.88915628,-55.03841186,1,"1,100 trap nights",12.10%,,,20 km2
a_140,a_211,Oxymycterus spp.,2005-12-10/11,Punta Ballena,Uruguay,small peninsula,,-34.88915628,-55.03841186,23,"1,100 trap nights",12.10%,,,20 km2
a_141,a_211,Oligoryzomys nigripes,2005-12-10/11,Punta Ballena,Uruguay,small peninsula,,-34.88915628,-55.03841186,2,"1,100 trap nights",12.10%,,,20 km2
a_142,a_211,Scapteromys tumidus,2005-12-10/11,Punta Ballena,Uruguay,small peninsula,,-34.88915628,-55.03841186,5,"1,100 trap nights",12.10%,,,20 km2
a_143,a_211,Oligoryzomys flavescens,2005-12-10/11,Punta Ballena,Uruguay,small peninsula,,-34.88915628,-55.03841186,6,"1,100 trap nights",12.10%,,,20 km2
a_144,a_211,Akodon azarae,2005-12-10/11,Punta Ballena,Uruguay,small peninsula,,-34.88915628,-55.03841186,7,"1,100 trap nights",12.10%,,,20 km2
a_145,a_211,Necromys obscurus,2005-12-10/11,Punta Ballena,Uruguay,small peninsula,,-34.88915628,-55.03841186,0,"1,100 trap nights",12.10%,,,20 km2
a_146,a_211,Rattus rattus,2005-12-10/11,Punta Ballena,Uruguay,small peninsula,,-34.88915628,-55.03841186,2,"1,100 trap nights",12.10%,,,20 km2
a_147,a_212,"Myodes glareolus,",2000,Elan forest,France,site A,,,,95,8820 nights,10.34%,"Two forests, 30 km apart. 912 bank voles corresponding to 557 different individuals. five trapping sessions per year in April, June, July, September and October. At each trapping site, a 7x7 open grid of 49 live traps.",,
a_148,a_212,"Myodes glareolus,",2001,Elan forest,France,site A,,,,97,8820 nights,10.34%,"Two forests, 30 km apart. 912 bank voles corresponding to 557 different individuals. five trapping sessions per year in April, June, July, September and October. At each trapping site, a 7x7 open grid of 49 live traps.",,
a_149,a_212,"Myodes glareolus,",2002,Elan forest,France,site A,,,,69,8820 nights,10.34%,"Two forests, 30 km apart. 912 bank voles corresponding to 557 different individuals. five trapping sessions per year in April, June, July, September and October. At each trapping site, a 7x7 open grid of 49 live traps.",,
a_150,a_212,"Myodes glareolus,",2000,Elan forest,France,site B,,,,38,8820 nights,10.34%,"Two forests, 30 km apart. 912 bank voles corresponding to 557 different individuals. five trapping sessions per year in April, June, July, September and October. At each trapping site, a 7x7 open grid of 49 live traps.",,
a_151,a_212,"Myodes glareolus,",2001,Elan forest,France,site B,,,,83,8820 nights,10.34%,"Two forests, 30 km apart. 912 bank voles corresponding to 557 different individuals. five trapping sessions per year in April, June, July, September and October. At each trapping site, a 7x7 open grid of 49 live traps.",,
a_152,a_212,"Myodes glareolus,",2002,Elan forest,France,site B,,,,19,8820 nights,10.34%,"Two forests, 30 km apart. 912 bank voles corresponding to 557 different individuals. five trapping sessions per year in April, June, July, September and October. At each trapping site, a 7x7 open grid of 49 live traps.",,
a_153,a_212,"Myodes glareolus,",2000,Croix-Scaille forest,France,,,,,17,8820 nights,10.34%,"Two forests, 30 km apart. 912 bank voles corresponding to 557 different individuals. five trapping sessions per year in April, June, July, September and October. At each trapping site, a 7x7 open grid of 49 live traps.",,
a_154,a_212,"Myodes glareolus,",2001,Croix-Scaille forest,France,,,,,35,8820 nights,10.34%,"Two forests, 30 km apart. 912 bank voles corresponding to 557 different individuals. five trapping sessions per year in April, June, July, September and October. At each trapping site, a 7x7 open grid of 49 live traps.",,
a_155,a_212,"Myodes glareolus,",2002,Croix-Scaille forest,France,,,,,74,8820 nights,10.34%,"Two forests, 30 km apart. 912 bank voles corresponding to 557 different individuals. five trapping sessions per year in April, June, July, September and October. At each trapping site, a 7x7 open grid of 49 live traps.",,
a_156,a_212,"Myodes glareolus,",2000,Croix-Scaille forest,France,,,,,1,8820 nights,10.34%,"Two forests, 30 km apart. 912 bank voles corresponding to 557 different individuals. five trapping sessions per year in April, June, July, September and October. At each trapping site, a 7x7 open grid of 49 live traps.",,
a_157,a_212,"Myodes glareolus,",2001,Croix-Scaille forest,France,,,,,26,8820 nights,10.34%,"Two forests, 30 km apart. 912 bank voles corresponding to 557 different individuals. five trapping sessions per year in April, June, July, September and October. At each trapping site, a 7x7 open grid of 49 live traps.",,
a_158,a_212,"Myodes glareolus,",2002,Croix-Scaille forest,France,,,,,3,8820 nights,10.34%,"Two forests, 30 km apart. 912 bank voles corresponding to 557 different individuals. five trapping sessions per year in April, June, July, September and October. At each trapping site, a 7x7 open grid of 49 live traps.",,
a_159,a_214,Akodon sp.,2000,Caaguazu,Paraguay,City,,"25°28'04""S","56°01'20""W",1,,,Spring 2000,,39 km2
a_160,a_214,Calomys callosus,2000,Caaguazu,Paraguay,City,,"25°28'04""S","56°01'20""W",1,,,Spring 2000,,39 km2
a_161,a_214,Holochilus brasiliensis,2001,Caaguazu,Paraguay,City,,"25°28'04""S","56°01'20""W",4,,,Summer 2001,,39 km2
a_162,a_214,C. callosus,2001,Caaguazu,Paraguay,City,,"25°28'04""S","56°01'20""W",1,,,Summer 2001,,39 km2
a_163,a_214,Oryzomys buccinatus,2001,Central Paraguay,Paraguay,,,,,2,,,Summer 2001,,
a_164,a_214,A. cursor,2001,Reserve Limoy,Paraguay,,,,,7,,,Winter 2001,,
a_165,a_214,C. callosus,2001,Reserve Limoy,Paraguay,,,,,2,,,Winter 2001,,
a_166,a_214,A. cursor,2001,Caaguazu,Paraguay,City,,"25°28'04""S","56°01'20""W",8,,,Spring 2001,,
a_167,a_214,A. nigrita,2001,Caaguazu,Paraguay,City,,"25°28'04""S","56°01'20""W",1,,,Spring 2001,,
a_168,a_214,A. cursor,2002,Reserve Limoy,Paraguay,,,,,5,,,Summer 2002,,
a_169,a_214,Oligoryzomys sp.,2004,Leandro N. Alem,Argentina,,,,,9,,,Autumn 2004,,
a_170,a_214,A. cursor,2004,Misiones,Argentina,department,,"26°51'39""S","54°25'30""W",3,,,Autumn 2004,,
a_171,a_214,O. nigripes,2004,Misiones,Argentina,department,,"26°51'39""S","54°25'30""W",1,,,Autumn 2004,,
a_172,a_214,O. flavescens,2004,Misiones,Argentina,department,,"26°51'39""S","54°25'30""W",1,,,Autumn 2004,,
a_173,a_214,H. brasiliensis,2004,Misiones,Argentina,department,,"26°51'39""S","54°25'30""W",1,,,Autumn 2004,,
a_174,a_214,O. nigripes,2005,Santa Ana Misiones,Argentina,province,,"27°22'07""S","55°34'54""W",28,,,Winter 2005,,
a_175,a_214,A. montensis,2005,Santa Ana Misiones,Argentina,province,,"27°22'07""S","55°34'54""W",8,,,Winter 2005,,
a_176,a_214,O.  flavescens,2005,Santa Ana Misiones,Argentina,province,,"27°22'07""S","55°34'54""W",1,,,Winter 2005,,
a_177,a_214,O. nigripes,2005,Leandro N. Alem,Argentina,,,,,14,,,Winter 2005,,
a_178,a_214,A. montensis,2005,Misiones,Argentina,department,,"26°51'39""S","54°25'30""W",3,,,Winter 2005,,
a_179,a_214,O. flavescens,2005,Misiones,Argentina,department,,"26°51'39""S","54°25'30""W",3,,,Winter 2005,,
a_180,a_214,C. laucha,2005,Misiones,Argentina,department,,"26°51'39""S","54°25'30""W",2,,,Winter 2005,,
a_181,a_221,M. musculus,2003-01/2004-11,Lorica,Colombia,township,,,,24,79 nights,"8,5 %",peridomestic areas,,
a_182,a_221,R. rattus,2003-01/2004-11,Lorica,Colombia,township,,,,12,79 nights,"8,5 %",peridomestic areas,,
a_183,a_221,R. norvegicus,2003-01/2004-11,Lorica,Colombia,township,,,,2,79 nights,"8,5 %",peridomestic areas,,
a_184,a_221,rattus sp,2003-01/2004-11,Lorica,Colombia,township,,,,0,79 nights,"8,5 %",peridomestic areas,,
a_185,a_221,M. musculus,2003-01/2004-11,Planeta Rica,Colombia,township,,,,5,79 nights,"8,5 %",peridomestic areas,,
a_186,a_221,R. rattus,2003-01/2004-11,Planeta Rica,Colombia,township,,,,28,79 nights,"8,5 %",peridomestic areas,,
a_187,a_221,R. norvegicus,2003-01/2004-11,Planeta Rica,Colombia,township,,,,7,79 nights,"8,5 %",peridomestic areas,,
a_188,a_221,rattus sp,2003-01/2004-11,Planeta Rica,Colombia,township,,,,3,79 nights,"8,5 %",peridomestic areas,,
a_189,a_221,M. musculus,2003-01/2004-11,Montería,Colombia,township,,,,14,79 nights,"8,5 %",peridomestic areas,,
a_190,a_221,R. rattus,2003-01/2004-11,Montería,Colombia,township,,,,7,79 nights,"8,5 %",peridomestic areas,,
a_191,a_221,R. norvegicus,2003-01/2004-11,Montería,Colombia,township,,,,8,79 nights,"8,5 %",peridomestic areas,,
a_192,a_221,rattus sp,2003-01/2004-11,Montería,Colombia,township,,,,11,79 nights,"8,5 %",peridomestic areas,,
a_193,a_221,M. musculus,2003-01/2004-11,Ayapel,Colombia,township,,,,24,79 nights,"8,5 %",peridomestic areas,,
a_194,a_221,R. rattus,2003-01/2004-11,Ayapel,Colombia,township,,,,12,79 nights,"8,5 %",peridomestic areas,,
a_195,a_221,R. norvegicus,2003-01/2004-11,Ayapel,Colombia,township,,,,2,79 nights,"8,5 %",peridomestic areas,,
a_196,a_221,rattus sp,2003-01/2004-11,Ayapel,Colombia,township,,,,0,79 nights,"8,5 %",peridomestic areas,,
a_197,a_221,M. musculus,2003-01/2004-11,Cereté,Colombia,township,,,,1,79 nights,"8,5 %",peridomestic areas,,
a_198,a_221,R. rattus,2003-01/2004-11,Cereté,Colombia,township,,,,19,79 nights,"8,5 %",peridomestic areas,,
a_199,a_221,R. norvegicus,2003-01/2004-11,Cereté,Colombia,township,,,,4,79 nights,"8,5 %",peridomestic areas,,
a_200,a_221,rattus sp,2003-01/2004-11,Cereté,Colombia,township,,,,9,79 nights,"8,5 %",peridomestic areas,,
a_201,a_221,M. musculus,2003-01/2004-11,Sahagún,Colombia,township,,,,0,79 nights,"8,5 %",peridomestic areas,,
a_202,a_221,R. rattus,2003-01/2004-11,Sahagún,Colombia,township,,,,1,79 nights,"8,5 %",peridomestic areas,,
a_203,a_221,R. norvegicus,2003-01/2004-11,Sahagún,Colombia,township,,,,0,79 nights,"8,5 %",peridomestic areas,,
a_204,a_221,rattus sp,2003-01/2004-11,Sahagún,Colombia,township,,,,0,79 nights,"8,5 %",peridomestic areas,,
a_205,a_221,M. musculus,2003-01/2004-11,Buena vista,Colombia,township,,,,17,79 nights,"8,5 %",peridomestic areas,,
a_206,a_221,R. rattus,2003-01/2004-11,Buena vista,Colombia,township,,,,4,79 nights,"8,5 %",peridomestic areas,,
a_207,a_221,R. norvegicus,2003-01/2004-11,Buena vista,Colombia,township,,,,3,79 nights,"8,5 %",peridomestic areas,,
a_208,a_221,rattus sp,2003-01/2004-11,Buena vista,Colombia,township,,,,0,79 nights,"8,5 %",peridomestic areas,,
a_209,a_221,M. musculus,2003-01/2004-11,Purísima,Colombia,township,,,,0,79 nights,"8,5 %",peridomestic areas,,
a_210,a_221,R. rattus,2003-01/2004-11,Purísima,Colombia,township,,,,0,79 nights,"8,5 %",peridomestic areas,,
a_211,a_221,R. norvegicus,2003-01/2004-11,Purísima,Colombia,township,,,,0,79 nights,"8,5 %",peridomestic areas,,
a_212,a_221,rattus sp,2003-01/2004-11,Purísima,Colombia,township,,,,0,79 nights,"8,5 %",peridomestic areas,,
a_213,a_221,M. musculus,2003-01/2004-11,Cienaga de oro,Colombia,township,,,,10,79 nights,"8,5 %",peridomestic areas,,
a_214,a_221,R. rattus,2003-01/2004-11,Cienaga de oro,Colombia,township,,,,0,79 nights,"8,5 %",peridomestic areas,,
a_215,a_221,R. norvegicus,2003-01/2004-11,Cienaga de oro,Colombia,township,,,,1,79 nights,"8,5 %",peridomestic areas,,
a_216,a_221,rattus sp,2003-01/2004-11,Cienaga de oro,Colombia,township,,,,3,79 nights,"8,5 %",peridomestic areas,,
a_217,a_221,M. musculus,2003-01/2004-11,Pueblo Nuevo,Colombia,township,,,,8,79 nights,"8,5 %",peridomestic areas,,
a_218,a_221,R. rattus,2003-01/2004-11,Pueblo Nuevo,Colombia,township,,,,2,79 nights,"8,5 %",peridomestic areas,,
a_219,a_221,R. norvegicus,2003-01/2004-11,Pueblo Nuevo,Colombia,township,,,,1,79 nights,"8,5 %",peridomestic areas,,
a_220,a_221,rattus sp,2003-01/2004-11,Pueblo Nuevo,Colombia,township,,,,0,79 nights,"8,5 %",peridomestic areas,,
a_221,a_221,M. musculus,2003-01/2004-11,San Pelayo,Colombia,township,,,,4,79 nights,"8,5 %",peridomestic areas,,
a_222,a_221,R. rattus,2003-01/2004-11,San Pelayo,Colombia,township,,,,3,79 nights,"8,5 %",peridomestic areas,,
a_223,a_221,R. norvegicus,2003-01/2004-11,San Pelayo,Colombia,township,,,,0,79 nights,"8,5 %",peridomestic areas,,
a_224,a_221,rattus sp,2003-01/2004-11,San Pelayo,Colombia,township,,,,0,79 nights,"8,5 %",peridomestic areas,,
a_225,a_221,S. hispidus,2003-01/2004-11,Lorica,Colombia,township,,,,0,79 nights,"8,5 %",peridomestic areas,,
a_226,a_221,zygogontomy s,2003-01/2004-11,Lorica,Colombia,township,,,,0,79 nights,"8,5 %",peridomestic areas,,
a_227,a_221,oryzomys,2003-01/2004-11,Lorica,Colombia,township,,,,30,79 nights,"8,5 %",peridomestic areas,,
a_228,a_221,oligorysomys,2003-01/2004-11,Lorica,Colombia,township,,,,6,79 nights,"8,5 %",peridomestic areas,,
a_229,a_221,S. hispidus,2003-01/2004-11,Planeta Rica,Colombia,township,,,,0,79 nights,"8,5 %",peridomestic areas,,
a_230,a_221,zygogontomy s,2003-01/2004-11,Planeta Rica,Colombia,township,,,,0,79 nights,"8,5 %",peridomestic areas,,
a_231,a_221,oryzomys,2003-01/2004-11,Planeta Rica,Colombia,township,,,,0,79 nights,"8,5 %",peridomestic areas,,
a_232,a_221,oligorysomys,2003-01/2004-11,Planeta Rica,Colombia,township,,,,0,79 nights,"8,5 %",peridomestic areas,,
a_233,a_221,S. hispidus,2003-01/2004-11,Montería,Colombia,township,,,,0,79 nights,"8,5 %",peridomestic areas,,
a_234,a_221,zygogontomy s,2003-01/2004-11,Montería,Colombia,township,,,,0,79 nights,"8,5 %",peridomestic areas,,
a_235,a_221,oryzomys,2003-01/2004-11,Montería,Colombia,township,,,,0,79 nights,"8,5 %",peridomestic areas,,
a_236,a_221,oligorysomys,2003-01/2004-11,Montería,Colombia,township,,,,0,79 nights,"8,5 %",peridomestic areas,,
a_237,a_221,S. hispidus,2003-01/2004-11,Ayapel,Colombia,township,,,,0,79 nights,"8,5 %",peridomestic areas,,
a_238,a_221,zygogontomy s,2003-01/2004-11,Ayapel,Colombia,township,,,,0,79 nights,"8,5 %",peridomestic areas,,
a_239,a_221,oryzomys,2003-01/2004-11,Ayapel,Colombia,township,,,,0,79 nights,"8,5 %",peridomestic areas,,
a_240,a_221,oligorysomys,2003-01/2004-11,Ayapel,Colombia,township,,,,0,79 nights,"8,5 %",peridomestic areas,,
a_241,a_221,S. hispidus,2003-01/2004-11,Cereté,Colombia,township,,,,0,79 nights,"8,5 %",peridomestic areas,,
a_242,a_221,zygogontomy s,2003-01/2004-11,Cereté,Colombia,township,,,,1,79 nights,"8,5 %",peridomestic areas,,
a_243,a_221,oryzomys,2003-01/2004-11,Cereté,Colombia,township,,,,0,79 nights,"8,5 %",peridomestic areas,,
a_244,a_221,oligorysomys,2003-01/2004-11,Cereté,Colombia,township,,,,0,79 nights,"8,5 %",peridomestic areas,,
a_245,a_221,S. hispidus,2003-01/2004-11,Sahagún,Colombia,township,,,,8,79 nights,"8,5 %",peridomestic areas,,
a_246,a_221,zygogontomy s,2003-01/2004-11,Sahagún,Colombia,township,,,,0,79 nights,"8,5 %",peridomestic areas,,
a_247,a_221,oryzomys,2003-01/2004-11,Sahagún,Colombia,township,,,,0,79 nights,"8,5 %",peridomestic areas,,
a_248,a_221,oligorysomys,2003-01/2004-11,Sahagún,Colombia,township,,,,1,79 nights,"8,5 %",peridomestic areas,,
a_249,a_221,S. hispidus,2003-01/2004-11,Buena vista,Colombia,township,,,,0,79 nights,"8,5 %",peridomestic areas,,
a_250,a_221,zygogontomy s,2003-01/2004-11,Buena vista,Colombia,township,,,,0,79 nights,"8,5 %",peridomestic areas,,
a_251,a_221,oryzomys,2003-01/2004-11,Buena vista,Colombia,township,,,,0,79 nights,"8,5 %",peridomestic areas,,
a_252,a_221,oligorysomys,2003-01/2004-11,Buena vista,Colombia,township,,,,0,79 nights,"8,5 %",peridomestic areas,,
a_253,a_221,S. hispidus,2003-01/2004-11,Purísima,Colombia,township,,,,0,79 nights,"8,5 %",peridomestic areas,,
a_254,a_221,zygogontomy s,2003-01/2004-11,Purísima,Colombia,township,,,,0,79 nights,"8,5 %",peridomestic areas,,
a_255,a_221,oryzomys,2003-01/2004-11,Purísima,Colombia,township,,,,17,79 nights,"8,5 %",peridomestic areas,,
a_256,a_221,oligorysomys,2003-01/2004-11,Purísima,Colombia,township,,,,4,79 nights,"8,5 %",peridomestic areas,,
a_257,a_221,S. hispidus,2003-01/2004-11,Cienaga de oro,Colombia,township,,,,0,79 nights,"8,5 %",peridomestic areas,,
a_258,a_221,zygogontomy s,2003-01/2004-11,Cienaga de oro,Colombia,township,,,,1,79 nights,"8,5 %",peridomestic areas,,
a_259,a_221,oryzomys,2003-01/2004-11,Cienaga de oro,Colombia,township,,,,0,79 nights,"8,5 %",peridomestic areas,,
a_260,a_221,oligorysomys,2003-01/2004-11,Cienaga de oro,Colombia,township,,,,0,79 nights,"8,5 %",peridomestic areas,,
a_261,a_221,S. hispidus,2003-01/2004-11,Pueblo Nuevo,Colombia,township,,,,0,79 nights,"8,5 %",peridomestic areas,,
a_262,a_221,zygogontomy s,2003-01/2004-11,Pueblo Nuevo,Colombia,township,,,,0,79 nights,"8,5 %",peridomestic areas,,
a_263,a_221,oryzomys,2003-01/2004-11,Pueblo Nuevo,Colombia,township,,,,0,79 nights,"8,5 %",peridomestic areas,,
a_264,a_221,oligorysomys,2003-01/2004-11,Pueblo Nuevo,Colombia,township,,,,0,79 nights,"8,5 %",peridomestic areas,,
a_265,a_221,S. hispidus,2003-01/2004-11,San Pelayo,Colombia,township,,,,0,79 nights,"8,5 %",peridomestic areas,,
a_266,a_221,zygogontomy s,2003-01/2004-11,San Pelayo,Colombia,township,,,,0,79 nights,"8,5 %",peridomestic areas,,
a_267,a_221,oryzomys,2003-01/2004-11,San Pelayo,Colombia,township,,,,0,79 nights,"8,5 %",peridomestic areas,,
a_268,a_221,oligorysomys,2003-01/2004-11,San Pelayo,Colombia,township,,,,0,79 nights,"8,5 %",peridomestic areas,,
a_269,a_221,heteromiydae heteromys,2003-01/2004-11,Lorica,Colombia,township,,,,2,79 nights,"8,5 %",peridomestic areas,,
a_270,a_221,heteromiydae heteromys,2003-01/2004-11,Planeta Rica,Colombia,township,,,,0,79 nights,"8,5 %",peridomestic areas,,
a_271,a_221,heteromiydae heteromys,2003-01/2004-11,Montería,Colombia,township,,,,0,79 nights,"8,5 %",peridomestic areas,,
a_272,a_221,heteromiydae heteromys,2003-01/2004-11,Ayapel,Colombia,township,,,,0,79 nights,"8,5 %",peridomestic areas,,
a_273,a_221,heteromiydae heteromys,2003-01/2004-11,Cereté,Colombia,township,,,,0,79 nights,"8,5 %",peridomestic areas,,
a_274,a_221,heteromiydae heteromys,2003-01/2004-11,Sahagún,Colombia,township,,,,14,79 nights,"8,5 %",peridomestic areas,,
a_275,a_221,heteromiydae heteromys,2003-01/2004-11,Buena vista,Colombia,township,,,,0,79 nights,"8,5 %",peridomestic areas,,
a_276,a_221,heteromiydae heteromys,2003-01/2004-11,Purísima,Colombia,township,,,,0,79 nights,"8,5 %",peridomestic areas,,
a_277,a_221,heteromiydae heteromys,2003-01/2004-11,Cienaga de oro,Colombia,township,,,,0,79 nights,"8,5 %",peridomestic areas,,
a_278,a_221,heteromiydae heteromys,2003-01/2004-11,Pueblo Nuevo,Colombia,township,,,,1,79 nights,"8,5 %",peridomestic areas,,
a_279,a_221,heteromiydae heteromys,2003-01/2004-11,San Pelayo,Colombia,township,,,,0,79 nights,"8,5 %",peridomestic areas,,
a_280,a_221,echimyidae proechimys,2003-01/2004-11,Lorica,Colombia,township,,,,0,79 nights,"8,5 %",peridomestic areas,,
a_281,a_221,echimyidae proechimys,2003-01/2004-11,Planeta Rica,Colombia,township,,,,0,79 nights,"8,5 %",peridomestic areas,,
a_282,a_221,echimyidae proechimys,2003-01/2004-11,Montería,Colombia,township,,,,0,79 nights,"8,5 %",peridomestic areas,,
a_283,a_221,echimyidae proechimys,2003-01/2004-11,Ayapel,Colombia,township,,,,0,79 nights,"8,5 %",peridomestic areas,,
a_284,a_221,echimyidae proechimys,2003-01/2004-11,Cereté,Colombia,township,,,,0,79 nights,"8,5 %",peridomestic areas,,
a_285,a_221,echimyidae proechimys,2003-01/2004-11,Sahagún,Colombia,township,,,,2,79 nights,"8,5 %",peridomestic areas,,
a_286,a_221,echimyidae proechimys,2003-01/2004-11,Buena vista,Colombia,township,,,,0,79 nights,"8,5 %",peridomestic areas,,
a_287,a_221,echimyidae proechimys,2003-01/2004-11,Purísima,Colombia,township,,,,0,79 nights,"8,5 %",peridomestic areas,,
a_288,a_221,echimyidae proechimys,2003-01/2004-11,Cienaga de oro,Colombia,township,,,,0,79 nights,"8,5 %",peridomestic areas,,
a_289,a_221,echimyidae proechimys,2003-01/2004-11,Pueblo Nuevo,Colombia,township,,,,0,79 nights,"8,5 %",peridomestic areas,,
a_290,a_221,echimyidae proechimys,2003-01/2004-11,San Pelayo,Colombia,township,,,,0,79 nights,"8,5 %",peridomestic areas,,
a_291,a_223,Rattus flavipectus,2000,Kinchen,Taiwan,,,,,71,3 nights,,"rodents were trapped on one day of mid-February, April and June ",,
a_292,a_223,Rattus rattus,2000,Kinchen,Taiwan,,,,,3,3 nights,,"rodents were trapped on one day of mid-February, April and June ",,
a_293,a_223,Rattus norvegicus,2000,Kinchen,Taiwan,,,,,0,3 nights,,"rodents were trapped on one day of mid-February, April and June ",,
a_294,a_223,Mus caroli,2000,Kinchen,Taiwan,,,,,0,3 nights,,"rodents were trapped on one day of mid-February, April and June ",,
a_295,a_223,Suncus murinus,2000,Kinchen,Taiwan,,,,,1,3 nights,,"rodents were trapped on one day of mid-February, April and June ",,
a_296,a_223,Rattus flavipectus,2000,Kinhu,Taiwan,,,,,84,3 nights,,"rodents were trapped on one day of mid-February, April and June ",,
a_297,a_223,Rattus rattus,2000,Kinhu,Taiwan,,,,,0,3 nights,,"rodents were trapped on one day of mid-February, April and June ",,
a_298,a_223,Rattus norvegicus,2000,Kinhu,Taiwan,,,,,1,3 nights,,"rodents were trapped on one day of mid-February, April and June ",,
a_299,a_223,Mus caroli,2000,Kinhu,Taiwan,,,,,3,3 nights,,"rodents were trapped on one day of mid-February, April and June ",,
a_300,a_223,Suncus murinus,2000,Kinhu,Taiwan,,,,,5,3 nights,,"rodents were trapped on one day of mid-February, April and June ",,
a_301,a_223,Rattus flavipectus,2000,Kinnin,Taiwan,,,,,79,3 nights,,"rodents were trapped on one day of mid-February, April and June ",,
a_302,a_223,Rattus rattus,2000,Kinnin,Taiwan,,,,,3,3 nights,,"rodents were trapped on one day of mid-February, April and June ",,
a_303,a_223,Rattus norvegicus,2000,Kinnin,Taiwan,,,,,1,3 nights,,"rodents were trapped on one day of mid-February, April and June ",,
a_304,a_223,Mus caroli,2000,Kinnin,Taiwan,,,,,0,3 nights,,"rodents were trapped on one day of mid-February, April and June ",,
a_305,a_223,Suncus murinus,2000,Kinnin,Taiwan,,,,,3,3 nights,,"rodents were trapped on one day of mid-February, April and June ",,
a_306,a_223,Rattus flavipectus,2000,Kinsha,Taiwan,,,,,70,3 nights,,"rodents were trapped on one day of mid-February, April and June ",,
a_307,a_223,Rattus rattus,2000,Kinsha,Taiwan,,,,,1,3 nights,,"rodents were trapped on one day of mid-February, April and June ",,
a_308,a_223,Rattus norvegicus,2000,Kinsha,Taiwan,,,,,1,3 nights,,"rodents were trapped on one day of mid-February, April and June ",,
a_309,a_223,Mus caroli,2000,Kinsha,Taiwan,,,,,2,3 nights,,"rodents were trapped on one day of mid-February, April and June ",,
a_310,a_223,Suncus murinus,2000,Kinsha,Taiwan,,,,,2,3 nights,,"rodents were trapped on one day of mid-February, April and June ",,
a_311,a_223,Rattus flavipectus,2000,Leiyu,Taiwan,,,,,44,3 nights,,"rodents were trapped on one day of mid-February, April and June ",,
a_312,a_223,Rattus rattus,2000,Leiyu,Taiwan,,,,,2,3 nights,,"rodents were trapped on one day of mid-February, April and June ",,
a_313,a_223,Rattus norvegicus,2000,Leiyu,Taiwan,,,,,5,3 nights,,"rodents were trapped on one day of mid-February, April and June ",,
a_314,a_223,Mus caroli,2000,Leiyu,Taiwan,,,,,0,3 nights,,"rodents were trapped on one day of mid-February, April and June ",,
a_315,a_223,Suncus murinus,2000,Leiyu,Taiwan,,,,,4,3 nights,,"rodents were trapped on one day of mid-February, April and June ",,
a_316,a_224,N. mexicana,2002-05,Apache County,Arizona U.S.,site,,"36.11284711147094, -109.49805560231938",,6,2 nights,,100 traps on 2 consecutive nights,,
a_317,a_224,Neotoma albigula and N. stephensi,2002-06,Apache County,Arizona U.S.,site,,"34°28'28""N, 109° 19'18""W",,8,2 nights,,100 traps on 2 consecutive nights,,
a_318,a_224,Neotoma albigula,2000-09,Apache County,Arizona U.S.,site,,NA,,3,2 nights,,100 traps on 2 consecutive nights,,
a_319,a_224,N. mexicana,2001-07,Apache County,Arizona U.S.,site,,"34°11'13""N, 109°18'14""W",,42,2 nights,,100 traps on 2 consecutive nights,,
a_320,a_224,N. mexicana and N. stephensi,2002-06,Apache County,Arizona U.S.,site,,"34°11'16""N, 109°18'17""W",,35,2 nights,,100 traps on 2 consecutive nights,,
a_321,a_224,N. mexicana and N. stephensi,2002-04,Apache County,Arizona U.S.,site,,"36°1'44""N, 109°24'46""W",,3,2 nights,,100 traps on 2 consecutive nights,,
a_322,a_224,N. mexicana,2002-04,Apache County,Arizona U.S.,site,,"36°16'39""N, 109° 12'49""W",,2,2 nights,,100 traps on 2 consecutive nights,,
a_323,a_224,N. mexicana,2001-07,Apache County,Arizona U.S.,site,,"33°45'58 ""N, 109°24'6""W",,22,2 nights,,100 traps on 2 consecutive nights,,
a_324,a_224,N. mexicana,2001-07,Apache County,Arizona U.S.,site,,"34°10'28""N, 109°34'23""W",,6,2 nights,,100 traps on 2 consecutive nights,,
a_325,a_224,Neotoma albigula,2001-09,Navajo County,Arizona U.S.,site,,"34°33'28""N, 110°4'37""W",,14,2 nights,,100 traps on 2 consecutive nights,,
a_326,a_224,"Neotoma albigula, N. mexicana and N. stephensi",2001-09,Navajo County,Arizona U.S.,site,,"34°20'42""N, 110°4'53""W",,25,2 nights,,100 traps on 2 consecutive nights,,
a_327,a_224,N. mexicana,2001-08,Navajo County,Arizona U.S.,site,,"34°32'44""N, 110°43'56""W",,23,2 nights,,100 traps on 2 consecutive nights,,
a_328,a_224,Neotoma albigula and N. stephensi,2001-08,Navajo County,Arizona U.S.,site,,"34°33°43 ""N, 110°46'13""W",,23,2 nights,,100 traps on 2 consecutive nights,,
a_329,a_224,Neotoma albigula,2001-10,Coconino County,Arizona U.S.,site,,"36°40'18""N, 112°22'3""W",,2,2 nights,,100 traps on 2 consecutive nights,,
a_330,a_224,N. mexicana,2002-04,Coconino County,Arizona U.S.,site,,"35°59'41 ""N, 112°7'59""W",,5,2 nights,,100 traps on 2 consecutive nights,,
a_331,a_224,N. mexicana,2002-05,Coconino County,Arizona U.S.,site,,"35°58'2""N, 112°5'44""W",,14,2 nights,,100 traps on 2 consecutive nights,,
a_332,a_224,N. mexicana,2002-08,Coconino County,Arizona U.S.,site,,"35°55'16""N, 112°0'39""W",,39,2 nights,,100 traps on 2 consecutive nights,,
a_333,a_224,N. mexicana,2001-06,Coconino County,Arizona U.S.,site,,"35° 10'47""N, 112°11'45""W",,3,2 nights,,100 traps on 2 consecutive nights,,
a_334,a_224,N. mexicana,2001-06,Coconino County,Arizona U.S.,site,,"35°5'39""N, 112°8'35""W",,7,2 nights,,100 traps on 2 consecutive nights,,
a_335,a_224,Neotoma albigula,2001-04,Mohave County,Arizona U.S.,site,,"34° 18'26""N, 113°33'27""W",,93,2 nights,,100 traps on 2 consecutive nights,,
a_336,a_224,N. lepida,2002-04,Mohave County,Arizona U.S.,site,,"36°21'43""N, 113°58'51""W",,32,2 nights,,100 traps on 2 consecutive nights,,
a_337,a_224,Neotoma albigula,2002-03,Mohave County,Arizona U.S.,site,,"35°1'56""N, 114°16'51""W",,15,2 nights,,100 traps on 2 consecutive nights,,
a_338,a_224,N. lepida,2002-04,Mohave County,Arizona U.S.,site,,"36°27'8 ""N, 113°2'51""W",,6,2 nights,,100 traps on 2 consecutive nights,,
a_339,a_224,Neotoma albigula,2001-04,Yavapai County,Arizona U.S.,site,,"34°1'0""N, 112°39'4""W",,132,2 nights,,100 traps on 2 consecutive nights,,
a_340,a_224,Neotoma albigula,2002-01,Yavapai County,Arizona U.S.,site,,"34°15'59""N, 112°3'46""W",,17,2 nights,,100 traps on 2 consecutive nights,,
a_341,a_224,Neotoma albigula, 2001-12,Yavapai County,Arizona U.S.,site,,"34°23'28""N, 112°3'1""W",,63,2 nights,,100 traps on 2 consecutive nights,,
a_342,a_224,Neotoma albigula,2001-06,Yavapai County,Arizona U.S.,site,,"34°25'56""N, 112°54'57""W",,46,2 nights,,100 traps on 2 consecutive nights,,
a_343,a_224,Neotoma albigula,2001-10,Yavapai County,Arizona U.S.,site,,"34°20'21""N, 112°34'59""W",,80,2 nights,,100 traps on 2 consecutive nights,,
a_344,a_224,Neotoma albigula,2001-08,Yavapai County,Arizona U.S.,site,,"34°20'40""N, 112°36'59""W",,123,2 nights,,100 traps on 2 consecutive nights,,
a_345,a_224,Neotoma albigula,2001-03,Yavapai County,Arizona U.S.,site,,"34°36'55""N, 112°23'44""W",,36,2 nights,,100 traps on 2 consecutive nights,,
a_346,a_224,Neotoma albigula and N. stephensi,2001-07,Yavapai County,Arizona U.S.,site,,"34°55'16""N, 112°51'34""W",,16,2 nights,,100 traps on 2 consecutive nights,,
a_347,a_224,Neotoma albigula,1999-09,Yavapai County,Arizona U.S.,site,,"35° 1'5""N, 112°28'59""W",,2,2 nights,,100 traps on 2 consecutive nights,,
a_348,a_224,Neotoma albigula and N. stephensi,2001-05,Yavapai County,Arizona U.S.,site,,"35°1'128""N, 112°49'59""W",,132,2 nights,,100 traps on 2 consecutive nights,,
a_349,a_224,Neotoma albigula and N. stephensi,2001-07,Yavapai County,Arizona U.S.,site,,"35°0'6""N, 112°50'43""W ",,54,2 nights,,100 traps on 2 consecutive nights,,
a_350,a_224,Neotoma albigula,2001-11,Gila County,Arizona U.S.,site,,"33°53'49""N, 111°16'57""W",,38,2 nights,,100 traps on 2 consecutive nights,,
a_351,a_224,Neotoma albigula,2001-11,Gila County,Arizona U.S.,site,,"33°57'23""N, 111o17'2""W",,85,2 nights,,100 traps on 2 consecutive nights,,
a_352,a_224,Neotoma albigula,2002-01,Gila County,Arizona U.S.,site,,"33°40'59""N, 110°51'29""W",,15,2 nights,,100 traps on 2 consecutive nights,,
a_353,a_224,Neotoma albigula,2002-01,Gila County,Arizona U.S.,site,,"33°46'24""N, 110°40'30""W",,17,2 nights,,100 traps on 2 consecutive nights,,
a_354,a_224,Neotoma albigula,2002-01,Gila County,Arizona U.S.,site,,"33°45'49""N, 110°48'47""W",,15,2 nights,,100 traps on 2 consecutive nights,,
a_355,a_224,Neotoma albigula,2001-11,Gila County,Arizona U.S.,site,,"34°6'8""N, 111°22'16""W",,10,2 nights,,100 traps on 2 consecutive nights,,
a_356,a_224,Neotoma albigula,2000-09,Gila County,Arizona U.S.,site,,NA,,2,2 nights,,100 traps on 2 consecutive nights,,
a_357,a_224,Neotoma albigula,2002-02,Graham County,Arizona U.S.,site,,"33°23'22""N, 110°21'30""W",,36,2 nights,,100 traps on 2 consecutive nights,,
a_358,a_224,Neotoma albigula,2002-02,Graham County,Arizona U.S.,site,,"33°22'23""N, 110° 18'55""W",,30,2 nights,,100 traps on 2 consecutive nights,,
a_359,a_224,Neotoma albigula,2002-02,Graham County,Arizona U.S.,site,,"33°27'6""N, 110°13'33""W",,5,2 nights,,100 traps on 2 consecutive nights,,
a_360,a_224,Neotoma albigula,2001-12,Greenlee County,Arizona U.S.,site,,"33°7'30""N, 109°16'47""W",,11,2 nights,,100 traps on 2 consecutive nights,,
a_361,a_224,Neotoma albigula,2001-11,Greenlee County,Arizona U.S.,site,,"33°0'21""N, 109°14'14""W",,16,2 nights,,100 traps on 2 consecutive nights,,
a_362,a_224,Neotoma albigula,2001-12,Greenlee County,Arizona U.S.,site,,"32°5'29""N, 109°20'20""W",,30,2 nights,,100 traps on 2 consecutive nights,,
a_363,a_224,Neotoma albigula,1998-03,Yuma County,Arizona U.S.,site,,"32°33'16""N, 114°47'40""W",,1,2 nights,,100 traps on 2 consecutive nights,,
a_364,a_224,Neotoma albigula,1998-03,Yuma County,Arizona U.S.,site,,"32°35'51""N, 115°48'9""W",,2,2 nights,,100 traps on 2 consecutive nights,,
a_365,a_224,Neotoma albigula,2001-06,Yuma County,Arizona U.S.,site,,"32°38'7""N, 144°10'4""W",,148,2 nights,,100 traps on 2 consecutive nights,,
a_366,a_224,Neotoma albigula,1998-07,Cochise County.,Arizona U.S.,site,,NA,,20,2 nights,,100 traps on 2 consecutive nights,,
a_367,a_235,dusky-footed,1998-11-12,the Bear Canyon Trailhead,California U.S.,site,,33.61398754,-117.4245562,2,2 nights,,,,
a_368,a_235,P. californicus,1998-11-12,the Bear Canyon Trailhead,California U.S.,site,,33.61398754,-117.4245562,8,2 nights,,,,
a_369,a_235,P. californicus,1998-06-10,El Cariso,California U.S.,site,,33.66339578,-117.4183226,11,2 nights,,,,
a_370,a_235,P. californicus,1998-06-10,El Cariso,California U.S.,site,,33.66342257,-117.4283333,8,2 nights,,,,
a_371,a_235,brush mice,1998-06-10,El Cariso,California U.S.,site,,33.66345829,-117.428344,5,2 nights,,,,
a_372,a_248,Deer mouse,May–September 1995 and May–September 1996,Walker Basin,Nevada and California,,,,,"1,755",,,,,
a_373,a_248,Pinyon mouse,May–September 1995 and May–September 1996,Walker Basin,Nevada and California,,,,,223,,,,,
a_374,a_248,Brush mouse,May–September 1995 and May–September 1996,Walker Basin,Nevada and California,,,,,13,,,,,
a_375,a_248,Western harvest mouse,May–September 1995 and May–September 1996,Walker Basin,Nevada and California,,,,,88,,,,,
a_376,a_248,Montane vole,May–September 1995 and May–September 1996,Walker Basin,Nevada and California,,,,,109,,,,,
a_377,a_255,Eutamias amoenus,10-11/08/1993,"Solvang, Figuerosa Mountains",California U.S.,,,"34°44'37""N 119°59'06""W",,none collected,,,,,
a_378,a_255,Eutamias minimus,10-11/08/1993,"Solvang, Figuerosa Mountains",California U.S.,,,"34°44'37""N 119°59'06""W",,none collected,,,,,
a_379,a_255,Eutamias specious,10-11/08/1993,"Solvang, Figuerosa Mountains",California U.S.,,,"34°44'37""N 119°59'06""W",,none collected,,,,,
a_380,a_255,Microtus californicus,10-11/08/1993,"Solvang, Figuerosa Mountains",California U.S.,,,"34°44'37""N 119°59'06""W",,none collected,,,,,
a_381,a_255,Mus musculis,10-11/08/1993,"Solvang, Figuerosa Mountains",California U.S.,,,"34°44'37""N 119°59'06""W",,1,173 trap-nights,,,,
a_382,a_255,Neotoma fuscipes,10-11/08/1993,"Solvang, Figuerosa Mountains",California U.S.,,,"34°44'37""N 119°59'06""W",,6,173 trap-nights,,,,
a_383,a_255,Neotoma lepida,10-11/08/1993,"Solvang, Figuerosa Mountains",California U.S.,,,"34°44'37""N 119°59'06""W",,3,173 trap-nights,,,,
a_384,a_255,Perognathus californicus,10-11/08/1993,"Solvang, Figuerosa Mountains",California U.S.,,,"34°44'37""N 119°59'06""W",,2,173 trap-nights,,,,
a_385,a_255,Peromyscus boylei,10-11/08/1993,"Solvang, Figuerosa Mountains",California U.S.,,,"34°44'37""N 119°59'06""W",,1,173 trap-nights,,,,
a_386,a_255,Peromyscus californicus,10-11/08/1993,"Solvang, Figuerosa Mountains",California U.S.,,,"34°44'37""N 119°59'06""W",,6,173 trap-nights,,,,
a_387,a_255,Peromyscus maniculatus,10-11/08/1993,"Solvang, Figuerosa Mountains",California U.S.,,,"34°44'37""N 119°59'06""W",,3,173 trap-nights,,,,
a_388,a_255,Peromyscus truei,10-11/08/1993,"Solvang, Figuerosa Mountains",California U.S.,,,"34°44'37""N 119°59'06""W",,8,173 trap-nights,,,,
a_389,a_255,Spermophilus beecheyi,10-11/08/1993,"Solvang, Figuerosa Mountains",California U.S.,,,"34°44'37""N 119°59'06""W",,9,173 trap-nights,,,,
a_390,a_255,Tamiasciurus douglasii,10-11/08/1993,"Solvang, Figuerosa Mountains",California U.S.,,,"34°44'37""N 119°59'06""W",,none collected,173 trap-nights,,,,
a_391,a_255,Eutamias amoenus,14-17/08/1993,Mammoth Lakes,California U.S.,,,"37°39'08""N 118°58'24""W",,5,173 trap-nights,,,,
a_392,a_255,Eutamias minimus,14-17/08/1993,Mammoth Lakes,California U.S.,,,"37°39'08""N 118°58'24""W",,1,173 trap-nights,,,,
a_393,a_255,Eutamias specious,14-17/08/1993,Mammoth Lakes,California U.S.,,,"37°39'08""N 118°58'24""W",,8,173 trap-nights,,,,
a_394,a_255,Microtus californicus,14-17/08/1993,Mammoth Lakes,California U.S.,,,"37°39'08""N 118°58'24""W",,6,173 trap-nights,,,,
a_395,a_255,Mus musculis,14-17/08/1993,Mammoth Lakes,California U.S.,,,"37°39'08""N 118°58'24""W",,none collected,173 trap-nights,,,,
a_396,a_255,Neotoma fuscipes,14-17/08/1993,Mammoth Lakes,California U.S.,,,"37°39'08""N 118°58'24""W",,none collected,173 trap-nights,,,,
a_397,a_255,Neotoma lepida,14-17/08/1993,Mammoth Lakes,California U.S.,,,"37°39'08""N 118°58'24""W",,none collected,173 trap-nights,,,,
a_398,a_255,Perognathus californicus,14-17/08/1993,Mammoth Lakes,California U.S.,,,"37°39'08""N 118°58'24""W",,2,173 trap-nights,,,,
a_399,a_255,Peromyscus boylei,14-17/08/1993,Mammoth Lakes,California U.S.,,,"37°39'08""N 118°58'24""W",,none collected,173 trap-nights,,,,
a_400,a_255,Peromyscus californicus,14-17/08/1993,Mammoth Lakes,California U.S.,,,"37°39'08""N 118°58'24""W",,none collected,173 trap-nights,,,,
a_401,a_255,Peromyscus maniculatus,14-17/08/1993,Mammoth Lakes,California U.S.,,,"37°39'08""N 118°58'24""W",,52,173 trap-nights,,,,
a_402,a_255,Peromyscus truei,14-17/08/1993,Mammoth Lakes,California U.S.,,,"37°39'08""N 118°58'24""W",,none collected,173 trap-nights,,,,
a_403,a_255,Spermophilus beecheyi,14-17/08/1993,Mammoth Lakes,California U.S.,,,"37°39'08""N 118°58'24""W",,none collected,173 trap-nights,,,,
a_404,a_255,Tamiasciurus douglasii,14-17/08/1993,Mammoth Lakes,California U.S.,,,"37°39'08""N 118°58'24""W",,1,173 trap-nights,,,,
a_405,a_190,Asian house shrew,1996-01/1996-04,Kathmandu,Nepal,,,,,43,,8.30%,,,
a_406,a_190,Asian house shrew,1996-01/1996-04,Bhaktapur,Nepal,,,,,10,,8.30%,,,
a_407,a_190,Asian house shrew,1996-01/1996-04,Lalitpur,Nepal,,,,,19,,8.30%,,,
a_408,a_190,Asian house shrew,1996-07/1996-09,Kathmandu,Nepal,,,,,61,,9.70%,,,
a_409,a_190,Asian house shrew,1996-07/1996-09,Lalitpur,Nepal,,,,,1,,9.70%,,,
a_410,a_278,Apodemus flavicollis,2008-10,Altenburg,Austria,,site,48.63086,15.61078,4,1 night,,,281 m,
a_411,a_278,Apodemus sylvaticus,2008-10,Altenburg,Austria,,site,48.63086,15.61078,1,1 night,,,281 m,
a_412,a_278,Apodemus flavicollis,2008-10,Altenburg,Austria,,site,48.62995,15.61493,1,1 night,,,266 m,
a_413,a_278,Apodemus sylvaticus,2008-10,Altenburg,Austria,,site,48.62995,15.61493,3,1 night,,,266 m,
a_414,a_278,Apodemus flavicollis,2008-10,Laa an der Thaya,Austria,,site,48.73685,16.33875,2,1 night,,,182 m,
a_415,a_278,Apodemus sylvaticus,2008-10,Laa an der Thaya,Austria,,site,48.73685,16.33875,4,1 night,,,182 m,
a_416,a_278,Clethrionomys glareolus,2008-10,Laa an der Thaya,Austria,,site,48.73685,16.33875,8,1 night,,,182 m,
a_417,a_278,Microtus arvalis,2008-10,Laa an der Thaya,Austria,,site,48.73685,16.33875,7,1 night,,,182 m,
a_418,a_278,Apodemus flavicollis,2008-10,Laa an der Thaya,Austria,,site,48.73583,16.33818,10,1 night,,,184 m,
a_419,a_278,Apodemus sylvaticus,2008-10,Laa an der Thaya,Austria,,site,48.73583,16.33818,5,1 night,,,184 m,
a_420,a_278,Clethrionomys glareolus,2008-10,Laa an der Thaya,Austria,,site,48.73583,16.33818,5,1 night,,,184 m,
a_421,a_278,Microtus arvalis,2008-10,Laa an der Thaya,Austria,,site,48.73583,16.33818,4,1 night,,,184 m,
a_422,a_278,Apodemus flavicollis,2008-10,Laa an der Thaya,Austria,,site,48.73587,16.34259,4,1 night,,,183 m,
a_423,a_278,Apodemus sylvaticus,2008-10,Laa an der Thaya,Austria,,site,48.73587,16.34259,8,1 night,,,183 m,
a_424,a_278,Clethrionomys glareolus,2008-10,Laa an der Thaya,Austria,,site,48.73587,16.34259,5,1 night,,,183 m,
a_425,a_278,Microtus arvalis,2008-10,Laa an der Thaya,Austria,,site,48.73587,16.34259,4,1 night,,,183 m,
a_426,a_278,Apodemus flavicollis,2008-10,Laa an der Thaya,Austria,,site,48.7345,16.3406,4,1 night,,,178 m,
a_427,a_278,Clethrionomys glareolus,2008-10,Laa an der Thaya,Austria,,site,48.7345,16.3406,11,1 night,,,178 m,
a_428,a_278,Apodemus flavicollis,2008-10,Laa an der Thaya,Austria,,site,48.73571,16.34543,4,1 night,,,182 m,
a_429,a_278,Apodemus sylvaticus,2008-10,Laa an der Thaya,Austria,,site,48.73571,16.34543,5,1 night,,,182 m,
a_430,a_278,Clethrionomys glareolus,2008-10,Laa an der Thaya,Austria,,site,48.73571,16.34543,11,1 night,,,182 m,
a_431,a_282,bank vole,2009-08,Mikołajki forest,Poland,,site not found - forest,53.78760139,21.55803414,16,,,,10 km2,
a_432,a_282,bank vole,2009-08,Dobskie island,Poland,,,54.10022367,21.63678844,16,,,,,
a_433,a_282,bank vole,2009-08,Dejguny island,Poland,,,54.03428639,21.6052778,13,,,,,
a_434,a_296,Sigmodon alstoni,1997-02,Hato Maporal,Venezuela,,,,,14,160 trap-nights,,,0.71 km2,
a_435,a_296,Zygodontomys brevicauda,1997-02,Hato Maporal,Venezuela,,,,,20,160 trap-nights,,,0.71 km2,
a_436,a_296,rice rat,1997-02,Hato Maporal,Venezuela,,,,,2,160 trap-nights,,,0.71 km2,
a_437,a_296,Sigmodon alstoni,1997-02,Hato Maporal,Venezuela,,,,,41,640 trap-nights,,,0.71 km2,
a_438,a_296,Zygodontomys brevicauda,1997-02,Hato Maporal,Venezuela,,,,,37,640 trap-nights,,,0.71 km2,
a_439,a_296,rice rat,1997-02,Hato Maporal,Venezuela,,,,,4,640 trap-nights,,,0.71 km2,
a_440,a_296,Sigmodon alstoni,1997-02,Hato Maporal,Venezuela,,,,,2,200 trap-nights,,,0.71 km2,
a_441,a_296,Zygodontomys brevicauda,1997-02,Hato Maporal,Venezuela,,,,,7,200 trap-nights,,,0.71 km2,
a_442,a_296,rice rat,1997-02,Hato Maporal,Venezuela,,,,,1,200 trap-nights,,,0.71 km2,
a_443,a_298,M. natalensis,2009-05-22/2009-08-28,Lusaka,Zambia,,,"15°26′30.85′′S, 28°26′51.09′′E",,23,,,23 of 57 collected were M. natalensis,,
a_444,a_298,M. natalensis,2009-05-22/2009-08-28,Namwala,Zambia,,,"15°43′01.37′′S, 26°42′33.41′′E",,24,,,24 of 48 collected were M. natalensis,,
a_445,a_298,M. natalensis,2009-05-22/2009-08-28,Mfuwe,Zambia,,,"13°6′47.92′′S, 31°48′17.24′′E",,143,,,143 of 158 collected were M. natalensis,,
a_446,a_312,deer mice,December–February 2004,West Montana,U.S.A,,,"46°59.3'N, 111°35.3'W",,69,1350 trap nights,,,1408 m,
a_447,a_312,deer mice,December–February 2005,West Montana,U.S.A,,,"46°59.3'N, 111°35.3'W",,160,4050 trap nights,,,1408 m,
a_448,a_312,deer mice,December–February 2006,West Montana,U.S.A,,,"46°59.3'N, 111°35.3'W",,207,4050 trap nights,,,1408 m,
a_449,a_312,deer mice,December–February 2007,West Montana,U.S.A,,,"46°59.3'N, 111°35.3'W",,64,4050 trap nights,,,1408 m,
a_450,a_312,deer mice,March-May 2005,West Montana,U.S.A,,,"46°59.3'N, 111°35.3'W",,127,4050 trap nights,,,1408 m,
a_451,a_312,deer mice,March-May 2006,West Montana,U.S.A,,,"46°59.3'N, 111°35.3'W",,127,4050 trap nights,,,1408 m,
a_452,a_312,deer mice,March-May 2007,West Montana,U.S.A,,,"46°59.3'N, 111°35.3'W",,110,4050 trap nights,,,1408 m,
a_453,a_312,deer mice,June-August 2004,West Montana,U.S.A,,,"46°59.3'N, 111°35.3'W",,37,750 trap nights,,,1408 m,
a_454,a_312,deer mice,June-August 2005,West Montana,U.S.A,,,"46°59.3'N, 111°35.3'W",,162,4050 trap nights,,,1408 m,
a_455,a_312,deer mice,June-August 2006,West Montana,U.S.A,,,"46°59.3'N, 111°35.3'W",,179,4050 trap nights,,,1408 m,
a_456,a_312,deer mice,June-August 2007,West Montana,U.S.A,,,"46°59.3'N, 111°35.3'W",,73,4050 trap nights,,,1408 m,
a_457,a_312,deer mice,September-November 2004,West Montana,U.S.A,,,"46°59.3'N, 111°35.3'W",,119,4050 trap nights,,,1408 m,
a_458,a_312,deer mice,September-November 2005,West Montana,U.S.A,,,"46°59.3'N, 111°35.3'W",,201,4050 trap nights,,,1408 m,
a_459,a_312,deer mice,September-November 2006,West Montana,U.S.A,,,"46°59.3'N, 111°35.3'W",,234,4050 trap nights,,,1408 m,
a_460,a_312,deer mice,September-November 2007,West Montana,U.S.A,,,"46°59.3'N, 111°35.3'W",,166,2700 trap nights,,,1408 m,
a_461,a_312,deer mice,March-May 2005,West Montana,U.S.A,,,"47°38.4'N, 114°20.7'W",,554,2700 trap nights,,,823 m,
a_462,a_312,deer mice,March-May 2006,West Montana,U.S.A,,,"47°38.4'N, 114°20.7'W",,542,2700 trap nights,,,824 m,
a_463,a_312,deer mice,March-May 2007,West Montana,U.S.A,,,"47°38.4'N, 114°20.7'W",,527,2700 trap nights,,,825 m,
a_464,a_312,deer mice,June-August 2004,West Montana,U.S.A,,,"47°38.4'N, 114°20.7'W",,145,750 trap nights,,,826 m,
a_465,a_312,deer mice,June-August 2005,West Montana,U.S.A,,,"47°38.4'N, 114°20.7'W",,765,4050 trap nights,,,827 m,
a_466,a_312,deer mice,June-August 2006,West Montana,U.S.A,,,"47°38.4'N, 114°20.7'W",,896,4050 trap nights,,,828 m,
a_467,a_312,deer mice,June-August 2007,West Montana,U.S.A,,,"47°38.4'N, 114°20.7'W",,754,4050 trap nights,,,829 m,
a_468,a_312,deer mice,September-November 2004,West Montana,U.S.A,,,"47°38.4'N, 114°20.7'W",,489,2700 trap nights,,,830 m,
a_469,a_312,deer mice,September-November 2005,West Montana,U.S.A,,,"47°38.4'N, 114°20.7'W",,771,2700 trap nights,,,831 m,
a_470,a_312,deer mice,September-November 2006,West Montana,U.S.A,,,"47°38.4'N, 114°20.7'W",,715,2700 trap nights,,,832 m,
a_471,a_312,deer mice,September-November 2007,West Montana,U.S.A,,,"47°38.4'N, 114°20.7'W",,583,2700 trap nights,,,833 m,
a_472,a_316,Oryzomys palustris,2002-03,Peach Point Wildlife Management Area,Texas U.S.,,,"33°48'40""N","95°40'38""W",40,,,"Approximately 14,000 trap nights",,
a_473,a_316,Oryzomys palustris,2002-05,Peach Point Wildlife Management Area,Texas U.S.,,,"33°48'40""N","95°40'38""W",109,,,"Approximately 14,000 trap nights",,
a_474,a_316,Oryzomys palustris,2002-08,Peach Point Wildlife Management Area,Texas U.S.,,,"33°48'40""N","95°40'38""W",54,,,"Approximately 14,000 trap nights",,
a_475,a_316,Oryzomys palustris,2002-12,Peach Point Wildlife Management Area,Texas U.S.,,,"33°48'40""N","95°40'38""W",99,,,"Approximately 14,000 trap nights",,
a_476,a_316,Oryzomys palustris,2003-03,Peach Point Wildlife Management Area,Texas U.S.,,,"33°48'40""N","95°40'38""W",67,,,"Approximately 14,000 trap nights",,
a_477,a_316,Oryzomys palustris,2003-05,Peach Point Wildlife Management Area,Texas U.S.,,,"33°48'40""N","95°40'38""W",126,,,"Approximately 14,000 trap nights",,
a_478,a_316,Oryzomys palustris,2003-08,Peach Point Wildlife Management Area,Texas U.S.,,,"33°48'40""N","95°40'38""W",113,,,"Approximately 14,000 trap nights",,
a_479,a_316,Oryzomys palustris,2004-05,Peach Point Wildlife Management Area,Texas U.S.,,,"33°48'40""N","95°40'38""W",25,,,"Approximately 14,000 trap nights",,
a_480,a_316,Baiomys taylori,2002-03,Peach Point Wildlife Management Area,Texas U.S.,,,"33°48'40""N","95°40'38""W",8,,,"Approximately 14,000 trap nights",,
a_481,a_316,Baiomys taylori,2002-05,Peach Point Wildlife Management Area,Texas U.S.,,,"33°48'40""N","95°40'38""W",8,,,"Approximately 14,000 trap nights",,
a_482,a_316,Baiomys taylori,2002-08,Peach Point Wildlife Management Area,Texas U.S.,,,"33°48'40""N","95°40'38""W",16,,,"Approximately 14,000 trap nights",,
a_483,a_316,Baiomys taylori,2002-12,Peach Point Wildlife Management Area,Texas U.S.,,,"33°48'40""N","95°40'38""W",121,,,"Approximately 14,000 trap nights",,
a_484,a_316,Baiomys taylori,2003-03,Peach Point Wildlife Management Area,Texas U.S.,,,"33°48'40""N","95°40'38""W",10,,,"Approximately 14,000 trap nights",,
a_485,a_316,Baiomys taylori,2003-05,Peach Point Wildlife Management Area,Texas U.S.,,,"33°48'40""N","95°40'38""W",2,,,"Approximately 14,000 trap nights",,
a_486,a_316,Baiomys taylori,2003-08,Peach Point Wildlife Management Area,Texas U.S.,,,"33°48'40""N","95°40'38""W",0,,,"Approximately 14,000 trap nights",,
a_487,a_316,Baiomys taylori,2004-05,Peach Point Wildlife Management Area,Texas U.S.,,,"33°48'40""N","95°40'38""W",8,,,"Approximately 14,000 trap nights",,
a_488,a_316,Peromyscus leucopus,2002-03,Peach Point Wildlife Management Area,Texas U.S.,,,"33°48'40""N","95°40'38""W",5,,,"Approximately 14,000 trap nights",,
a_489,a_316,Peromyscus leucopus,2002-05,Peach Point Wildlife Management Area,Texas U.S.,,,"33°48'40""N","95°40'38""W",4,,,"Approximately 14,000 trap nights",,
a_490,a_316,Peromyscus leucopus,2002-08,Peach Point Wildlife Management Area,Texas U.S.,,,"33°48'40""N","95°40'38""W",0,,,"Approximately 14,000 trap nights",,
a_491,a_316,Peromyscus leucopus,2002-12,Peach Point Wildlife Management Area,Texas U.S.,,,"33°48'40""N","95°40'38""W",2,,,"Approximately 14,000 trap nights",,
a_492,a_316,Peromyscus leucopus,2003-03,Peach Point Wildlife Management Area,Texas U.S.,,,"33°48'40""N","95°40'38""W",4,,,"Approximately 14,000 trap nights",,
a_493,a_316,Peromyscus leucopus,2003-05,Peach Point Wildlife Management Area,Texas U.S.,,,"33°48'40""N","95°40'38""W",1,,,"Approximately 14,000 trap nights",,
a_494,a_316,Peromyscus leucopus,2003-08,Peach Point Wildlife Management Area,Texas U.S.,,,"33°48'40""N","95°40'38""W",0,,,"Approximately 14,000 trap nights",,
a_495,a_316,Peromyscus leucopus,2004-05,Peach Point Wildlife Management Area,Texas U.S.,,,"33°48'40""N","95°40'38""W",2,,,"Approximately 14,000 trap nights",,
a_496,a_316,Reithrodontomys fulvescens,2002-03,Peach Point Wildlife Management Area,Texas U.S.,,,"33°48'40""N","95°40'38""W",43,,,"Approximately 14,000 trap nights",,
a_497,a_316,Reithrodontomys fulvescens,2002-05,Peach Point Wildlife Management Area,Texas U.S.,,,"33°48'40""N","95°40'38""W",15,,,"Approximately 14,000 trap nights",,
a_498,a_316,Reithrodontomys fulvescens,2002-08,Peach Point Wildlife Management Area,Texas U.S.,,,"33°48'40""N","95°40'38""W",7,,,"Approximately 14,000 trap nights",,
a_499,a_316,Reithrodontomys fulvescens,2002-12,Peach Point Wildlife Management Area,Texas U.S.,,,"33°48'40""N","95°40'38""W",147,,,"Approximately 14,000 trap nights",,
a_500,a_316,Reithrodontomys fulvescens,2003-03,Peach Point Wildlife Management Area,Texas U.S.,,,"33°48'40""N","95°40'38""W",96,,,"Approximately 14,000 trap nights",,
a_501,a_316,Reithrodontomys fulvescens,2003-05,Peach Point Wildlife Management Area,Texas U.S.,,,"33°48'40""N","95°40'38""W",25,,,"Approximately 14,000 trap nights",,
a_502,a_316,Reithrodontomys fulvescens,2003-08,Peach Point Wildlife Management Area,Texas U.S.,,,"33°48'40""N","95°40'38""W",8,,,"Approximately 14,000 trap nights",,
a_503,a_316,Reithrodontomys fulvescens,2004-05,Peach Point Wildlife Management Area,Texas U.S.,,,"33°48'40""N","95°40'38""W",4,,,"Approximately 14,000 trap nights",,
a_504,a_316,Sigmodon hispidus,2002-03,Peach Point Wildlife Management Area,Texas U.S.,,,"33°48'40""N","95°40'38""W",22,,,"Approximately 14,000 trap nights",,
a_505,a_316,Sigmodon hispidus,2002-05,Peach Point Wildlife Management Area,Texas U.S.,,,"33°48'40""N","95°40'38""W",9,,,"Approximately 14,000 trap nights",,
a_506,a_316,Sigmodon hispidus,2002-08,Peach Point Wildlife Management Area,Texas U.S.,,,"33°48'40""N","95°40'38""W",8,,,"Approximately 14,000 trap nights",,
a_507,a_316,Sigmodon hispidus,2002-12,Peach Point Wildlife Management Area,Texas U.S.,,,"33°48'40""N","95°40'38""W",53,,,"Approximately 14,000 trap nights",,
a_508,a_316,Sigmodon hispidus,2003-03,Peach Point Wildlife Management Area,Texas U.S.,,,"33°48'40""N","95°40'38""W",28,,,"Approximately 14,000 trap nights",,
a_509,a_316,Sigmodon hispidus,2003-05,Peach Point Wildlife Management Area,Texas U.S.,,,"33°48'40""N","95°40'38""W",10,,,"Approximately 14,000 trap nights",,
a_510,a_316,Sigmodon hispidus,2003-08,Peach Point Wildlife Management Area,Texas U.S.,,,"33°48'40""N","95°40'38""W",10,,,"Approximately 14,000 trap nights",,
a_511,a_316,Sigmodon hispidus,2004-05,Peach Point Wildlife Management Area,Texas U.S.,,,"33°48'40""N","95°40'38""W",9,,,"Approximately 14,000 trap nights",,
a_512,a_321,Oligoryzomys longicaudatus,Spring 1996,El Bolsón,Argentina,,,,,70,965 trap nights,,,,
a_513,a_321,Oligoryzomys longicaudatus,Summer 1996,El Bolsón,Argentina,,,,,6,1896 trap nights,,,,
a_514,a_321,Oligoryzomys longicaudatus,Summer 1996,Bariloche,Argentina,,,S41.79/W71.31 to S41.04/ W71.10,,0,486 trap nights,,,,
a_515,a_321,Oligoryzomys longicaudatus,Fall 1997,El Bolsón,Argentina,,,,,2,200 trap nights,,,,
a_516,a_321,Oligoryzomys longicaudatus,Summer 1997,Bariloche,Argentina,,,S41.79/W71.31 to S41.04/ W71.10,,12,120 trap nights,,,,
a_517,a_321,Oligoryzomys longicaudatus,Fall 1999,Bariloche,Argentina,,,S41.79/W71.31 to S41.04/ W71.10,,2,134 trap nights,,,,
a_518,a_321,Oligoryzomys longicaudatus,Fall 2000,Bariloche,Argentina,,,S41.79/W71.31 to S41.04/ W71.10,,9,185 trap nights,,,,
a_519,a_321,Oligoryzomys longicaudatus,Spring 2000,Bariloche,Argentina,,,S41.79/W71.31 to S41.04/ W71.10,,28,205 trap nights,,,,
a_520,a_321,Oligoryzomys longicaudatus,Spring 2003,Valle Encantado,Argentina,,,,,9,120 trap nights,,,,
a_521,a_324,M. glareolus,August and September 2005,Alserbox,,,,,,,3 trap nights,,,,
a_522,a_324,M. glareolus,August and September 2005,Belle-Vuebos,,,,,,,3 trap nights,,,,
a_523,a_324,M. glareolus,August and September 2005,De Most,,,,,,,3 trap nights,,,,
a_524,a_324,M. glareolus,August and September 2005,Doolhof,,,,,,,3 trap nights,,,,
a_525,a_324,M. glareolus,August and September 2005,Driehoeksbos,,,,,,,3 trap nights,,,,
a_526,a_324,M. glareolus,August and September 2005,Schietveld,,,,,,,3 trap nights,,,,
a_527,a_324,M. glareolus,August and September 2005,Heidebos,,,,,,,3 trap nights,,,,
a_528,a_324,M. glareolus,August and September 2005,Hornebos,,,,,,,3 trap nights,,,,
a_529,a_324,M. glareolus,August and September 2005,Hustenveld,,,,,,,3 trap nights,,,,
a_530,a_324,M. glareolus,August and September 2005,Jongenbos,,,,,,,3 trap nights,,,,
a_531,a_324,M. glareolus,August and September 2005,Meldertbos,,,,,,,3 trap nights,,,,
a_532,a_324,M. glareolus,August and September 2005,Spiekelspade,,,,,,,3 trap nights,,,,
a_533,a_324,M. glareolus,August and September 2005,St-Jansberg,,,,,,,3 trap nights,,,,
a_534,a_324,M. glareolus,August and September 2005,Zevendonk,,,,,,,3 trap nights,,,,
a_535,a_324,M. glareolus,August and September 2004,Alserbox,,,,,,,3 trap nights,,,,
a_536,a_324,M. glareolus,August and September 2004,Belle-Vuebos,,,,,,,3 trap nights,,,,
a_537,a_324,M. glareolus,August and September 2004,De Most,,,,,,,3 trap nights,,,,
a_538,a_324,M. glareolus,August and September 2004,Doolhof,,,,,,,3 trap nights,,,,
a_539,a_324,M. glareolus,August and September 2004,Driehoeksbos,,,,,,,3 trap nights,,,,
a_540,a_324,M. glareolus,August and September 2004,Schietveld,,,,,,,3 trap nights,,,,
a_541,a_324,M. glareolus,August and September 2004,Heidebos,,,,,,,3 trap nights,,,,
a_542,a_324,M. glareolus,August and September 2004,Hornebos,,,,,,,3 trap nights,,,,
a_543,a_324,M. glareolus,August and September 2004,Hustenveld,,,,,,,3 trap nights,,,,
a_544,a_324,M. glareolus,August and September 2004,Jongenbos,,,,,,,3 trap nights,,,,
a_545,a_324,M. glareolus,August and September 2004,Meldertbos,,,,,,,3 trap nights,,,,
a_546,a_324,M. glareolus,August and September 2004,Spiekelspade,,,,,,,3 trap nights,,,,
a_547,a_324,M. glareolus,August and September 2004,St-Jansberg,,,,,,,3 trap nights,,,,
a_548,a_324,M. glareolus,August and September 2004,Zevendonk,,,,,,,3 trap nights,,,,
a_549,a_330,Clethrionomys glareolus,Autumn 2004,Jura,France,,,"6°13'N, 46°8'E",,36,3 trap nights,,,,
a_550,a_330,Clethrionomys glareolus,Spring 2005,Jura,France,,,"6°13'N, 46°8'E",,30,3 trap nights,,,,
a_551,a_330,Clethrionomys glareolus,Summer 2005,Jura,France,,,"6°13'N, 46°8'E",,32,3 trap nights,,,,
a_552,a_330,Clethrionomys glareolus,Autumn 2005,Jura,France,,,"6°13'N, 46°8'E",,33,3 trap nights,,,,
a_553,a_330,Clethrionomys glareolus,Spring 2006,Jura,France,,,"6°13'N, 46°8'E",,2,3 trap nights,,,,
a_554,a_330,microtus arvalis,Autumn 2004,Jura,France,,,"6°13'N, 46°8'E",,32,3 trap nights,,,,
a_555,a_330,microtus arvalis,Spring 2005,Jura,France,,,"6°13'N, 46°8'E",,28,3 trap nights,,,,
a_556,a_330,microtus arvalis,Summer 2005,Jura,France,,,"6°13'N, 46°8'E",,33,3 trap nights,,,,
a_557,a_330,microtus arvalis,Autumn 2005,Jura,France,,,"6°13'N, 46°8'E",,36,3 trap nights,,,,
a_558,a_330,microtus arvalis,Spring 2006,Jura,France,,,"6°13'N, 46°8'E",,41,3 trap nights,,,,
a_559,a_330,Fossorial water vole,Autumn 2004,Jura,France,,,"6°13'N, 46°8'E",,30,3 trap nights,,,,
a_560,a_330,Fossorial water vole,Spring 2005,Jura,France,,,"6°13'N, 46°8'E",,36,3 trap nights,,,,
a_561,a_330,Fossorial water vole,Summer 2005,Jura,France,,,"6°13'N, 46°8'E",,35,3 trap nights,,,,
a_562,a_330,Fossorial water vole,Autumn 2005,Jura,France,,,"6°13'N, 46°8'E",,36,3 trap nights,,,,
a_563,a_330,Fossorial water vole,Spring 2006,Jura,France,,,"6°13'N, 46°8'E",,0,3 trap nights,,,,
a_564,a_330,Yellow-necked mouse,Autumn 2004,Jura,France,,,"6°13'N, 46°8'E",,11,3 trap nights,,,,
a_565,a_330,Yellow-necked mouse,Spring 2005,Jura,France,,,"6°13'N, 46°8'E",,36,3 trap nights,,,,
a_566,a_330,Yellow-necked mouse,Summer 2005,Jura,France,,,"6°13'N, 46°8'E",,15,3 trap nights,,,,
a_567,a_330,Yellow-necked mouse,Autumn 2005,Jura,France,,,"6°13'N, 46°8'E",,30,3 trap nights,,,,
a_568,a_330,Yellow-necked mouse,Spring 2006,Jura,France,,,"6°13'N, 46°8'E",,2,3 trap nights,,,,
a_569,a_330,Wood mouse,Autumn 2004,Jura,France,,,"6°13'N, 46°8'E",,16,3 trap nights,,,,
a_570,a_330,Wood mouse,Spring 2005,Jura,France,,,"6°13'N, 46°8'E",,11,3 trap nights,,,,
a_571,a_330,Wood mouse,Summer 2005,Jura,France,,,"6°13'N, 46°8'E",,4,3 trap nights,,,,
a_572,a_330,Wood mouse,Autumn 2005,Jura,France,,,"6°13'N, 46°8'E",,12,3 trap nights,,,,
a_573,a_330,Wood mouse,Spring 2006,Jura,France,,,"6°13'N, 46°8'E",,0,3 trap nights,,,,
a_574,a_344,Apodemus peninsulae,6-7/08/1997,Mt. Gyebang and Mt. Gachil in Gangwon Province,Korea,,,,,25,,,,,
a_575,a_344,Apodemus peninsulae,09/1998,Mt. Deogyu in Jeollabuk Province,Korea,,,,,29,,,,,
a_576,a_344,Apodemus agrarius,,,Korea,,,,,25,,,,,
a_577,a_344,Eothenomys regulus,,,Korea,,,,,7,,,,,
a_578,a_344,Micromys minutus,,,Korea,,,,,1,,,,,
a_579,a_687,R. norvegicus,2001-05,"Villa 20, Buenos Aires",Argentina,,neighbourhood,-34.67440419,-58.46708974,29,,,,,
a_580,a_350,Bolomys lasiurus,2000-09-11/2000-09-21,Quebra,Brazil,,site,-3.235865468,-44.56504403,7,1400 trap nights,,1040 nights at São Jerônimo and 360 at Quebra,,
a_581,a_350,Oligoryzomys fornesi,2000-09-11/2000-09-21,Quebra,Brazil,,site,-3.235865468,-44.56504403,2,1400 trap nights,,1040 nights at São Jerônimo and 360 at Quebra,,
a_582,a_350,Proechimys guyannensis,2000-09-11/2000-09-21,Quebra,Brazil,,site,-3.235865468,-44.56504403,1,1400 trap nights,,1040 nights at São Jerônimo and 360 at Quebra,,
a_583,a_350,Bolomys lasiurus,2000-09-11/2000-09-21,São Jerônimo,Brazil,,site,-3.284077451,-44.54452743,33,1400 trap nights,,1040 nights at São Jerônimo and 360 at Quebra,,
a_584,a_350,Holochilus sciureus,2000-09-11/2000-09-21,São Jerônimo,Brazil,,site,-3.284077451,-44.54452743,51,1400 trap nights,,1040 nights at São Jerônimo and 360 at Quebra,,
a_585,a_350,Oligoryzomys formesi,2000-09-11/2000-09-21,São Jerônimo,Brazil,,site,-3.284077451,-44.54452743,10,1400 trap nights,,1040 nights at São Jerônimo and 360 at Quebra,,
a_586,a_370,Peromyscus maniculatus,2998-05,Ajusco National Park,Mexico,,site,19.26675783,-98.21665597,8,,,"3,050 m",,
a_587,a_370,Microtus mexicanus,2998-05,Ajusco National Park,Mexico,,site,19.26675783,-98.21665597,1,,,"3,050 m",,
a_588,a_370,Reithrodontomys sumichrasti,2998-05,Ajusco National Park,Mexico,,site,19.26675783,-98.21665597,1,,,"3,050 m",,
a_589,a_370,Biomys musculus,2998-05,Jalisco,Mexico,,site,19.36680839,-104.9333333,2,,,50 m,,
a_590,a_370,Oryzomys palustris,2998-05,Jalisco,Mexico,,site,19.36680839,-104.9333333,1,,,50 m,,
a_591,a_370,Osgoodomys banderanus,2998-05,Jalisco,Mexico,,site,19.36680839,-104.9333333,6,,,50 m,,
a_592,a_370,Liomys pictus,2998-05,Jalisco,Mexico,,site,19.36680839,-104.9333333,14,,,50 m,,
a_593,a_375,Sigmodon alstoni,1992-02,La Hoyada,Venezuela,,site,8.616783377,-69.0333333,21,,,,,
a_594,a_375,Zygodontomys brevicauda,1992-02,La Hoyada,Venezuela,,site,8.616783377,-69.0333333,52,,,,,
a_595,a_375,Heteromys anomalus,1992-02,La Hoyada,Venezuela,,site,8.616783377,-69.0333333,,,,not tested,,
a_596,a_375,Holochilus brasiliensis,1992-02,La Hoyada,Venezuela,,site,8.616783377,-69.0333333,1,,,,,
a_597,a_375,Holochilus sciureus,1992-02,La Hoyada,Venezuela,,site,8.616783377,-69.0333333,,,,not tested,,
a_598,a_375,Oecomys flavicans,1992-02,La Hoyada,Venezuela,,site,8.616783377,-69.0333333,,,,not tested,,
a_599,a_375,Oecomys speciosus,1992-02,La Hoyada,Venezuela,,site,8.616783377,-69.0333333,2,,,,,
a_600,a_375,Oligoryzomys fulvescens,1992-02,La Hoyada,Venezuela,,site,8.616783377,-69.0333333,,,,not tested,,
a_601,a_375,Proechimys guairae,1992-02,La Hoyada,Venezuela,,site,8.616783377,-69.0333333,13,,,,,
a_602,a_375,Rattus rattus,1992-02,La Hoyada,Venezuela,,site,8.616783377,-69.0333333,20,,,,,
a_603,a_375,Sigmodon alstoni,1992-02,Pirital,Venezuela,,site,9.05013773,-69.0333333,17,,,,,
a_604,a_375,Zygodontomys brevicauda,1992-02,Pirital,Venezuela,,site,9.05013773,-69.0333333,46,,,,,
a_605,a_375,Heteromys anomalus,1992-02,Pirital,Venezuela,,site,9.05013773,-69.0333333,1,,,,,
a_606,a_375,Holochilus brasiliensis,1992-02,Pirital,Venezuela,,site,9.05013773,-69.0333333,2,,,,,
a_607,a_375,Holochilus sciureus,1992-02,Pirital,Venezuela,,site,9.05013773,-69.0333333,,,,not tested,,
a_608,a_375,Oecomys flavicans,1992-02,Pirital,Venezuela,,site,9.05013773,-69.0333333,,,,not tested,,
a_609,a_375,Oecomys speciosus,1992-02,Pirital,Venezuela,,site,9.05013773,-69.0333333,,,,not tested,,
a_610,a_375,Oligoryzomys fulvescens,1992-02,Pirital,Venezuela,,site,9.05013773,-69.0333333,,,,not tested,,
a_611,a_375,Proechimys guairae,1992-02,Pirital,Venezuela,,site,9.05013773,-69.0333333,5,,,,,
a_612,a_375,Rattus rattus,1992-02,Pirital,Venezuela,,site,9.05013773,-69.0333333,5,,,,,
a_613,a_375,Sigmodon alstoni,1992-02,Palmarito,Venezuela,,site,8.350159218,-69.11667743,1,,,,,
a_614,a_375,Zygodontomys brevicauda,1992-02,Palmarito,Venezuela,,site,8.350159218,-69.11667743,5,,,,,
a_615,a_375,Heteromys anomalus,1992-02,Palmarito,Venezuela,,site,8.350159218,-69.11667743,,,,not tested,,
a_616,a_375,Holochilus brasiliensis,1992-02,Palmarito,Venezuela,,site,8.350159218,-69.11667743,,,,not tested,,
a_617,a_375,Holochilus sciureus,1992-02,Palmarito,Venezuela,,site,8.350159218,-69.11667743,,,,not tested,,
a_618,a_375,Oecomys flavicans,1992-02,Palmarito,Venezuela,,site,8.350159218,-69.11667743,1,,,,,
a_619,a_375,Oecomys speciosus,1992-02,Palmarito,Venezuela,,site,8.350159218,-69.11667743,,,,not tested,,
a_620,a_375,Oligoryzomys fulvescens,1992-02,Palmarito,Venezuela,,site,8.350159218,-69.11667743,,,,not tested,,
a_621,a_375,Proechimys guairae,1992-02,Palmarito,Venezuela,,site,8.350159218,-69.11667743,5,,,,,
a_622,a_375,Rattus rattus,1992-02,Palmarito,Venezuela,,site,8.350159218,-69.11667743,9,,,,,
a_623,a_385,Aethomys chrysophilus,2010-07,Lusaka,,,site,-15.435033,28.436092,5,,,Assume August genbank,,
a_624,a_385,Graphiurus sp.,2010-07,Lusaka,,,site,-15.435033,28.436092,1,,,Assume August genbank,,
a_625,a_385,Mastomys natalensis,2010-07,Lusaka,,,site,-15.435033,28.436092,24,,,August genbank,,
a_626,a_385,Mus minutoides,2010-08,Lusaka,,,site,-15.435033,28.436092,2,,,Assume August genbank,,
a_627,a_385,Praomys sp.,2010-08,Lusaka,,,site,-15.435033,28.436092,1,,,Assume August genbank,,
a_628,a_385,Rattus rattus,2010-08,Lusaka,,,site,-15.435033,28.436092,1,,,Assume August genbank,,
a_629,a_385,Aethomys chrysophilus,2011-07,Lusaka,,,site,-15.435033,28.436092,5,,,,,
a_630,a_385,Gerbilliscus leucogaster,2011-07,Lusaka,,,site,-15.435033,28.436092,5,,,,,
a_631,a_385,Grammomys sp.,2011-07,Lusaka,,,site,-15.435033,28.436092,1,,,,,
a_632,a_385,Mastomys natalensis,2011-07,Lusaka,,,site,-15.435033,28.436092,20,,,,,
a_633,a_385,Mus minutoides,2011-07,Lusaka,,,site,-15.435033,28.436092,1,,,,,
a_634,a_385,Acomys subspinosus,2010-08,Lusaka,,,site,-14.968367,28.235647,2,,,Assume August genbank,,
a_635,a_385,Aethomys chrysophilus,2010-08,Lusaka,,,site,-14.968367,28.235647,10,,,Assume August genbank,,
a_636,a_385,Gerbilliscus leucogaster,2010-08,Lusaka,,,site,-14.968367,28.235647,12,,,Assume August genbank,,
a_637,a_385,Grammomys sp.,2010-08,Lusaka,,,site,-14.968367,28.235647,1,,,Assume August genbank,,
a_638,a_385,Mastomys natalensis,2010-08,Lusaka,,,site,-14.968367,28.235647,20,,,Assume August genbank,,
a_639,a_385,Rattus rattus,2010-08,Lusaka,,,site,-14.968367,28.235647,2,,,Assume August genbank,,
a_640,a_385,Acomys subspinosus,2011-07,Lusaka,,,site,-14.968367,28.235647,1,,,,,
a_641,a_385,Aethomys chrysophilus,2011-07,Lusaka,,,site,-14.968367,28.235647,6,,,,,
a_642,a_385,Crocidura hirta,2011-07,Lusaka,,,site,-14.968367,28.235647,1,,,,,
a_643,a_385,Crocidura sp.,2011-07,Lusaka,,,site,-14.968367,28.235647,3,,,,,
a_644,a_385,Gerbilliscus leucogaster,2011-07,Lusaka,,,site,-14.968367,28.235647,5,,,,,
a_645,a_385,Mastomys natalensis,2011-07,Lusaka,,,site,-14.968367,28.235647,85,,,,,
a_646,a_385,Otomys sp.,2011-07,Lusaka,,,site,-14.968367,28.235647,1,,,,,
a_647,a_385,Rattus rattus,2011-07,Lusaka,,,site,-14.968367,28.235647,7,,,,,
a_648,a_385,Arvicanthis sp.,2011-07,Lusaka,,,site,-15.568578,28.268092,3,,,,,
a_649,a_385,Crocidura hirta,2011-07,Lusaka,,,site,-15.568578,28.268092,1,,,,,
a_650,a_385,Gerbilliscus leucogaster,2011-07,Lusaka,,,site,-15.568578,28.268092,2,,,,,
a_651,a_385,Hylomyscus sp.,2011-07,Lusaka,,,site,-15.568578,28.268092,1,,,,,
a_652,a_385,Mastomys natalensis,2011-07,Lusaka,,,site,-15.568578,28.268092,5,,,,,
a_653,a_385,Rattus rattus,2011-07,Lusaka,,,site,-15.568578,28.268092,1,,,,,
a_654,a_385,Mastomys natalensis,2011-07,Kafue,,,site,-15.824389,28.235508,22,,,,,
a_655,a_385,Mastomys natalensis,2010-11,Livingstone,,,site,-17.835756,25.733108,42,,,Nov - genbank,,
a_656,a_385,Rattus rattus,2010-11,Livingstone,,,site,-17.835756,25.733108,35,,,Assume Nov - genbank,,
a_657,a_385,Saccostomus sp.,2010-11,Livingstone,,,site,-17.835756,25.733108,1,,,Assume Nov - genbank,,
a_658,a_395,Marmosa robinsoni,1992-02,La Hoyada,Venezuela,,site,8.616783377,-69.0333333,11,,,,,
a_659,a_395,Dideiphis marsupialis,1992-02,La Hoyada,Venezuela,,site,8.616783377,-69.0333333,,,,,,
a_660,a_395,Marmosa robinsoni,1992-02,Palmarito,Venezuela,,site,8.350159218,-69.11667743,2,,,,,
a_661,a_395,Dideiphis marsupialis,1992-02,Palmarito,Venezuela,,site,8.350159218,-69.11667743,1,,,,,
a_662,a_395,Marmosa robinsoni,1992-02,Pirital,Venezuela,,site,9.05013773,-69.0333333,1,,,,,
a_663,a_395,Dideiphis marsupialis,1992-02,Pirital,Venezuela,,site,9.05013773,-69.0333333,1,,,,,
a_664,a_395,Zygodontomys brevicauda,1992-02,La Arenosa,Venezuela,,site,9.039417083,-69.74472595,46,,,,,0.71 km2
a_665,a_395,Oligoryzomysfulvescens,1992-02,La Arenosa,Venezuela,,site,9.039417083,-69.74472595,11,,,,,0.71 km2
a_666,a_395,Sigmodon alstoni,1992-02,La Arenosa,Venezuela,,site,9.039417083,-69.74472595,17,,,,,0.71 km2
a_667,a_395,Holochilus brasiliensis,1992-02,La Arenosa,Venezuela,,site,9.039417083,-69.74472595,2,,,,,0.71 km2
a_668,a_395,Heteromys anomalus,1992-02,La Arenosa,Venezuela,,site,9.039417083,-69.74472595,1,,,,,0.71 km2
a_669,a_395,Proechimys guairae,1992-02,La Arenosa,Venezuela,,site,9.039417083,-69.74472595,5,,,,,0.71 km2
a_670,a_395,Rattus rattus ,1992-02,La Arenosa,Venezuela,,site,9.039417083,-69.74472595,5,,,,,0.71 km2
a_671,a_395,Marmosa robinsoni,1992-02,La Arenosa,Venezuela,,site,9.039417083,-69.74472595,2,,,,,0.71 km2
a_672,a_420,Apodemus spp.,2009-06,Akbaş,Turkey,,Village,41.36838639,32.3252406,39,,,,,0.16 km2
a_673,a_420,Myodes spp.,2009-06,Akbaş,Turkey,,Village,41.36838639,32.3252406,18,,,,,0.16 km2
a_674,a_420,Rattus rattus,2009-06,Akbaş,Turkey,,Village,41.36838639,32.3252406,,,,,,0.16 km2
a_675,a_420,"Other - Pitymys spp., Microtus spp., Mus musculus, Crocidura suaveolens.",2009-06,Akbaş,Turkey,,Village,41.36838639,32.3252406,5,,,,,0.16 km2
a_676,a_420,Apodemus spp.,2009-06,Bogaz,Turkey,,Village,41.45963195,32.40959956,13,,,,,8 km2
a_677,a_420,Myodes spp.,2009-06,Bogaz,Turkey,,Village,41.45963195,32.40959956,,,,,,8 km2
a_678,a_420,Rattus rattus,2009-06,Bogaz,Turkey,,Village,41.45963195,32.40959956,8,,,,,8 km2
a_679,a_420,"Other - Pitymys spp., Microtus spp., Mus musculus, Crocidura suaveolens.",2009-06,Bogaz,Turkey,,Village,41.45963195,32.40959956,2,,,,,8 km2
a_680,a_420,Apodemus spp.,2009-06,Guzelcehisar,Turkey,,Village,41.64710351,32.20970636,17,,,,,0.67 km2
a_681,a_420,Myodes spp.,2009-06,Guzelcehisar,Turkey,,Village,41.64710351,32.20970636,,,,,,0.67 km2
a_682,a_420,Rattus rattus,2009-06,Guzelcehisar,Turkey,,Village,41.64710351,32.20970636,,,,,,0.67 km2
a_683,a_420,"Other - Pitymys spp., Microtus spp., Mus musculus, Crocidura suaveolens.",2009-06,Guzelcehisar,Turkey,,Village,41.64710351,32.20970636,,,,,,0.67 km2
a_684,a_420,Apodemus spp.,2009-06,Hanyeri,Turkey,,Village,41.34813581,32.32949312,8,,,,,1 km2
a_685,a_420,Myodes spp.,2009-06,Hanyeri,Turkey,,Village,41.34813581,32.32949312,5,,,,,1 km2
a_686,a_420,Rattus rattus,2009-06,Hanyeri,Turkey,,Village,41.34813581,32.32949312,,,,,,1 km2
a_687,a_420,"Other - Pitymys spp., Microtus spp., Mus musculus, Crocidura suaveolens.",2009-06,Hanyeri,Turkey,,Village,41.34813581,32.32949312,,,,,,1 km2
a_688,a_420,Apodemus spp.,2009-06,Hasankadi,Turkey,,Village,41.33944023,32.39164552,12,,,,,1.5 km2
a_689,a_420,Myodes spp.,2009-06,Hasankadi,Turkey,,Village,41.33944023,32.39164552,18,,,,,1.5 km2
a_690,a_420,Rattus rattus,2009-06,Hasankadi,Turkey,,Village,41.33944023,32.39164552,3,,,,,1.5 km2
a_691,a_420,"Other - Pitymys spp., Microtus spp., Mus musculus, Crocidura suaveolens.",2009-06,Hasankadi,Turkey,,Village,41.33944023,32.39164552,,,,,,1.5 km2
a_692,a_420,Apodemus spp.,2009-06,Kumluca,Turkey,,Towm,41.45564402,32.45496781,14,,,,,15 km2
a_693,a_420,Myodes spp.,2009-06,Kumluca,Turkey,,Towm,41.45564402,32.45496781,,,,,,15 km2
a_694,a_420,Rattus rattus,2009-06,Kumluca,Turkey,,Towm,41.45564402,32.45496781,,,,,,15 km2
a_695,a_420,"Other - Pitymys spp., Microtus spp., Mus musculus, Crocidura suaveolens.",2009-06,Kumluca,Turkey,,Towm,41.45564402,32.45496781,,,,,,15 km2