rodent_record_id,study_id,scientificName,eventDate,locality,country,verbatimLocality,coordinate_resolution,decimalLatitude,decimalLongitude,individualCount,trapEffort,trapEffortResolution,study_area_kmsq,estimated_yn,sex,adult/juvenil
req_1,req_1,Rattus novergicus,2014-09-18/2014-10-02,AV-B,Argentina,Alto Verde,site,-31.7018000,-60.6698000,1,,,,,,
req_2,req_1,Mus musculus,2015-09-25/2015-10-08,AV-B,Argentina,Alto Verde,site,-31.7018000,-60.6698000,1,,,,,,
req_3,req_1,Mus musculus,2015-09-25/2015-10-08,AV-B,Argentina,Alto Verde,site,-31.7018000,-60.6698000,1,,,,,,
req_4,req_1,Mus musculus,2015-09-25/2015-10-08,AV-B,Argentina,Alto Verde,site,-31.7018000,-60.6698000,1,,,,,,
req_5,req_1,Mus musculus,2015-09-25/2015-10-08,AV-B,Argentina,Alto Verde,site,-31.7018000,-60.6698000,1,,,,,,
req_6,req_1,Mus musculus,2015-03-19/2015-04-10,AV-C,Argentina,Alto Verde,site,-31.6775000,-60.6916000,1,,,,,,
req_7,req_1,Mus musculus,2015-03-19/2015-04-10,AV-C,Argentina,Alto Verde,site,-31.6775000,-60.6916000,1,,,,,,
req_8,req_1,Oligoryzomys flavescens,2015-03-19/2015-04-10,AV-C,Argentina,Alto Verde,site,-31.6775000,-60.6916000,1,,,,,,
req_9,req_1,Mus musculus,2015-03-19/2015-04-10,AV-C,Argentina,Alto Verde,site,-31.6775000,-60.6916000,1,,,,,,
req_10,req_1,Mus musculus,2015-03-19/2015-04-10,AV-C,Argentina,Alto Verde,site,-31.6775000,-60.6916000,1,,,,,,
req_11,req_1,Oligoryzomys flavescens,2015-09-25/2015-10-08,AV-C,Argentina,Alto Verde,site,-31.6775000,-60.6916000,1,,,,,,
req_12,req_1,Oligoryzomys flavescens,2015-09-25/2015-10-08,AV-C,Argentina,Alto Verde,site,-31.6775000,-60.6916000,1,,,,,,
req_13,req_1,Mus musculus,2015-09-25/2015-10-08,AV-C,Argentina,Alto Verde,site,-31.6775000,-60.6916000,1,,,,,,
req_14,req_1,Mus musculus,2015-09-25/2015-10-08,AV-C,Argentina,Alto Verde,site,-31.6775000,-60.6916000,1,,,,,,
req_15,req_1,Oligoryzomys flavescens,2015-09-25/2015-10-08,AV-C,Argentina,Alto Verde,site,-31.6775000,-60.6916000,1,,,,,,
req_16,req_1,Oligoryzomys flavescens,2015-09-25/2015-10-08,AV-C,Argentina,Alto Verde,site,-31.6775000,-60.6916000,1,,,,,,
req_17,req_1,Oligoryzomys nigripes,2015-09-25/2015-10-08,AV-C,Argentina,Alto Verde,site,-31.6775000,-60.6916000,1,,,,,,
req_18,req_1,Oligoryzomys flavescens,2015-03-19/2015-04-10,CS-B,Argentina,Colastiné Sur,site,-31.6470000,-60.5992000,1,,,,,,
req_19,req_1,Mus musculus,2015-03-19/2015-04-10,CS-B,Argentina,Colastiné Sur,site,-31.6470000,-60.5992000,1,,,,,,
req_20,req_1,Oligoryzomys flavescens,2015-09-25/2015-10-08,CS-B,Argentina,Colastiné Sur,site,-31.6470000,-60.5992000,1,,,,,,
req_21,req_1,Mus musculus,2015-09-25/2015-10-08,CS-B,Argentina,Colastiné Sur,site,-31.6470000,-60.5992000,1,,,,,,
req_22,req_1,Oligoryzomys flavescens,2015-09-25/2015-10-08,CS-B,Argentina,Colastiné Sur,site,-31.6470000,-60.5992000,1,,,,,,
req_23,req_1,Scapteromys aquaticus,2015-09-25/2015-10-08,CS-B,Argentina,Colastiné Sur,site,-31.6470000,-60.5992000,1,,,,,,
req_24,req_1,Oligoryzomys flavescens,2015-09-25/2015-10-08,CS-B,Argentina,Colastiné Sur,site,-31.6470000,-60.5992000,1,,,,,,
req_25,req_1,Oligoryzomys flavescens,2015-09-25/2015-10-08,CS-B,Argentina,Colastiné Sur,site,-31.6470000,-60.5992000,1,,,,,,
req_26,req_1,Cavia aperea,2015-09-25/2015-10-08,CS-B,Argentina,Colastiné Sur,site,-31.6470000,-60.5992000,1,,,,,,
req_27,req_1,Holochilus chacarius,2015-09-25/2015-10-08,CS-B,Argentina,Colastiné Sur,site,-31.6470000,-60.5992000,1,,,,,,
req_28,req_1,Oligoryzomys flavescens,2015-09-25/2015-10-08,CS-B,Argentina,Colastiné Sur,site,-31.6470000,-60.5992000,1,,,,,,
req_29,req_1,Oligoryzomys flavescens,2015-09-25/2015-10-08,CS-B,Argentina,Colastiné Sur,site,-31.6470000,-60.5992000,1,,,,,,
req_30,req_1,Cavia aperea,2015-09-25/2015-10-08,CS-B,Argentina,Colastiné Sur,site,-31.6470000,-60.5992000,1,,,,,,
req_31,req_1,Rattus rattus,2015-09-25/2015-10-08,CS-B,Argentina,Colastiné Sur,site,-31.6470000,-60.5992000,1,,,,,,
req_32,req_1,Cavia aperea,2015-09-25/2015-10-08,CS-B,Argentina,Colastiné Sur,site,-31.6470000,-60.5992000,1,,,,,,
req_33,req_1,Scapteromys aquaticus,2015-09-25/2015-10-08,CS-C,Argentina,Colastiné Sur,site,-31.6643000,-60.6084000,1,,,,,,
req_34,req_1,Oligoryzomys flavescens,2015-09-25/2015-10-08,CS-C,Argentina,Colastiné Sur,site,-31.6643000,-60.6084000,1,,,,,,
req_35,req_1,Oligoryzomys flavescens,2015-09-25/2015-10-08,CS-C,Argentina,Colastiné Sur,site,-31.6643000,-60.6084000,1,,,,,,
req_36,req_1,Scapteromys aquaticus,2015-09-25/2015-10-08,CS-C,Argentina,Colastiné Sur,site,-31.6643000,-60.6084000,1,,,,,,
req_37,req_1,Akodon azarae,2015-09-25/2015-10-08,CS-N,Argentina,Colastiné Sur,site,-31.6590000,-60.5901000,1,,,,,,
req_38,req_1,Oligoryzomys nigripes,2015-09-25/2015-10-08,CS-N,Argentina,Colastiné Sur,site,-31.6590000,-60.5901000,1,,,,,,
req_39,req_1,Oligoryzomys flavescens,2015-09-25/2015-10-08,CS-N,Argentina,Colastiné Sur,site,-31.6590000,-60.5901000,1,,,,,,
req_40,req_1,Akodon azarae,2014-09-18/2014-10-02,LZ-B,Argentina,Los Zapallos,site,-31.5017000,-60.4447000,1,,,,,,
req_41,req_1,Akodon azarae,2014-09-18/2014-10-02,LZ-B,Argentina,Los Zapallos,site,-31.5017000,-60.4447000,1,,,,,,
req_42,req_1,Scapteromys aquaticus,2014-09-18/2014-10-02,LZ-B,Argentina,Los Zapallos,site,-31.5017000,-60.4447000,1,,,,,,
req_43,req_1,Scapteromys aquaticus,2014-09-18/2014-10-02,LZ-B,Argentina,Los Zapallos,site,-31.5017000,-60.4447000,1,,,,,,
req_44,req_1,Scapteromys aquaticus,2015-03-19/2015-04-10,LZ-B,Argentina,Los Zapallos,site,-31.5017000,-60.4447000,1,,,,,,
req_45,req_1,Scapteromys aquaticus,2015-03-19/2015-04-10,LZ-B,Argentina,Los Zapallos,site,-31.5017000,-60.4447000,1,,,,,,
req_46,req_1,Scapteromys aquaticus,2015-03-19/2015-04-10,LZ-B,Argentina,Los Zapallos,site,-31.5017000,-60.4447000,1,,,,,,
req_47,req_1,Scapteromys aquaticus,2015-03-19/2015-04-10,LZ-B,Argentina,Los Zapallos,site,-31.5017000,-60.4447000,1,,,,,,
req_48,req_1,Scapteromys aquaticus,2015-09-25/2015-10-08,LZ-B,Argentina,Los Zapallos,site,-31.5017000,-60.4447000,1,,,,,,
req_49,req_1,Scapteromys aquaticus,2015-09-25/2015-10-08,LZ-B,Argentina,Los Zapallos,site,-31.5017000,-60.4447000,1,,,,,,
req_50,req_1,Scapteromys aquaticus,2015-09-25/2015-10-08,LZ-B,Argentina,Los Zapallos,site,-31.5017000,-60.4447000,1,,,,,,
req_51,req_1,Scapteromys aquaticus,2015-09-25/2015-10-08,LZ-B,Argentina,Los Zapallos,site,-31.5017000,-60.4447000,1,,,,,,
req_52,req_1,Scapteromys aquaticus,2015-09-25/2015-10-08,LZ-B,Argentina,Los Zapallos,site,-31.5017000,-60.4447000,1,,,,,,
req_53,req_1,Scapteromys aquaticus,2015-09-25/2015-10-08,LZ-B,Argentina,Los Zapallos,site,-31.5017000,-60.4447000,1,,,,,,
req_54,req_1,Akodon azarae,2014-09-18/2014-10-02,LZ-C,Argentina,Los Zapallos,site,-31.4950000,-60.4419000,1,,,,,,
req_55,req_1,Scapteromys aquaticus,2014-09-18/2014-10-02,LZ-C,Argentina,Los Zapallos,site,-31.4950000,-60.4419000,1,,,,,,
req_56,req_1,Scapteromys aquaticus,2014-09-18/2014-10-02,LZ-C,Argentina,Los Zapallos,site,-31.4950000,-60.4419000,1,,,,,,
req_57,req_1,Scapteromys aquaticus,2014-09-18/2014-10-02,LZ-C,Argentina,Los Zapallos,site,-31.4950000,-60.4419000,1,,,,,,
req_58,req_1,Scapteromys aquaticus,2014-09-18/2014-10-02,LZ-C,Argentina,Los Zapallos,site,-31.4950000,-60.4419000,1,,,,,,
req_59,req_1,Scapteromys aquaticus,2014-09-18/2014-10-02,LZ-C,Argentina,Los Zapallos,site,-31.4950000,-60.4419000,1,,,,,,
req_60,req_1,Akodon azarae,2014-09-18/2014-10-02,LZ-C,Argentina,Los Zapallos,site,-31.4950000,-60.4419000,1,,,,,,
req_61,req_1,Akodon azarae,2014-09-18/2014-10-02,LZ-C,Argentina,Los Zapallos,site,-31.4950000,-60.4419000,1,,,,,,
req_62,req_1,Oligoryzomys flavescens,2014-09-18/2014-10-02,LZ-C,Argentina,Los Zapallos,site,-31.4950000,-60.4419000,1,,,,,,
req_63,req_1,Scapteromys aquaticus,2014-09-18/2014-10-02,LZ-C,Argentina,Los Zapallos,site,-31.4950000,-60.4419000,1,,,,,,
req_64,req_1,Scapteromys aquaticus,2014-09-18/2014-10-02,LZ-C,Argentina,Los Zapallos,site,-31.4950000,-60.4419000,1,,,,,,
req_65,req_1,Scapteromys aquaticus,2014-09-18/2014-10-02,LZ-C,Argentina,Los Zapallos,site,-31.4950000,-60.4419000,1,,,,,,
req_66,req_1,Scapteromys aquaticus,2014-09-18/2014-10-02,LZ-C,Argentina,Los Zapallos,site,-31.4950000,-60.4419000,1,,,,,,
req_67,req_1,Akodon azarae,2014-09-18/2014-10-02,LZ-C,Argentina,Los Zapallos,site,-31.4950000,-60.4419000,1,,,,,,
req_68,req_1,Scapteromys aquaticus,2014-09-18/2014-10-02,LZ-C,Argentina,Los Zapallos,site,-31.4950000,-60.4419000,1,,,,,,
req_69,req_1,Scapteromys aquaticus,2014-09-18/2014-10-02,LZ-C,Argentina,Los Zapallos,site,-31.4950000,-60.4419000,1,,,,,,
req_70,req_1,Scapteromys aquaticus,2014-09-18/2014-10-02,LZ-C,Argentina,Los Zapallos,site,-31.4950000,-60.4419000,1,,,,,,
req_71,req_1,Akodon azarae,2014-09-18/2014-10-02,LZ-C,Argentina,Los Zapallos,site,-31.4950000,-60.4419000,1,,,,,,
req_72,req_1,Scapteromys aquaticus,2014-09-18/2014-10-02,LZ-C,Argentina,Los Zapallos,site,-31.4950000,-60.4419000,1,,,,,,
req_73,req_1,Scapteromys aquaticus,2015-03-19/2015-04-10,LZ-C,Argentina,Los Zapallos,site,-31.4950000,-60.4419000,1,,,,,,
req_74,req_1,Scapteromys aquaticus,2015-03-19/2015-04-10,LZ-C,Argentina,Los Zapallos,site,-31.4950000,-60.4419000,1,,,,,,
req_75,req_1,Scapteromys aquaticus,2015-03-19/2015-04-10,LZ-C,Argentina,Los Zapallos,site,-31.4950000,-60.4419000,1,,,,,,
req_76,req_1,Scapteromys aquaticus,2015-03-19/2015-04-10,LZ-C,Argentina,Los Zapallos,site,-31.4950000,-60.4419000,1,,,,,,
req_77,req_1,Scapteromys aquaticus,2015-03-19/2015-04-10,LZ-C,Argentina,Los Zapallos,site,-31.4950000,-60.4419000,1,,,,,,
req_78,req_1,Scapteromys aquaticus,2015-03-19/2015-04-10,LZ-C,Argentina,Los Zapallos,site,-31.4950000,-60.4419000,1,,,,,,
req_79,req_1,Scapteromys aquaticus,2015-03-19/2015-04-10,LZ-C,Argentina,Los Zapallos,site,-31.4950000,-60.4419000,1,,,,,,
req_80,req_1,Akodon azarae,2015-03-19/2015-04-10,LZ-C,Argentina,Los Zapallos,site,-31.4950000,-60.4419000,1,,,,,,
req_81,req_1,Scapteromys aquaticus,2015-03-19/2015-04-10,LZ-C,Argentina,Los Zapallos,site,-31.4950000,-60.4419000,1,,,,,,
req_82,req_1,Scapteromys aquaticus,2015-09-25/2015-10-08,LZ-C,Argentina,Los Zapallos,site,-31.4950000,-60.4419000,1,,,,,,
req_83,req_1,Akodon azarae,2015-09-25/2015-10-08,LZ-C,Argentina,Los Zapallos,site,-31.4950000,-60.4419000,1,,,,,,
req_84,req_1,Scapteromys aquaticus,2015-09-25/2015-10-08,LZ-C,Argentina,Los Zapallos,site,-31.4950000,-60.4419000,1,,,,,,
req_85,req_1,Scapteromys aquaticus,2015-09-25/2015-10-08,LZ-C,Argentina,Los Zapallos,site,-31.4950000,-60.4419000,1,,,,,,
req_86,req_1,Akodon azarae,2015-09-25/2015-10-08,LZ-C,Argentina,Los Zapallos,site,-31.4950000,-60.4419000,1,,,,,,
req_87,req_1,Akodon azarae,2015-09-25/2015-10-08,LZ-C,Argentina,Los Zapallos,site,-31.4950000,-60.4419000,1,,,,,,
req_88,req_1,Akodon azarae,2015-09-25/2015-10-08,LZ-C,Argentina,Los Zapallos,site,-31.4950000,-60.4419000,1,,,,,,
req_89,req_1,Oligoryzomys flavescens,2015-09-25/2015-10-08,LZ-C,Argentina,Los Zapallos,site,-31.4950000,-60.4419000,1,,,,,,
req_90,req_1,Akodon azarae,2015-09-25/2015-10-08,LZ-C,Argentina,Los Zapallos,site,-31.4950000,-60.4419000,1,,,,,,
req_91,req_1,Cavia aperea,2015-09-25/2015-10-08,LZ-C,Argentina,Los Zapallos,site,-31.4950000,-60.4419000,1,,,,,,
req_92,req_1,Akodon azarae,2015-09-25/2015-10-08,LZ-C,Argentina,Los Zapallos,site,-31.4950000,-60.4419000,1,,,,,,
req_93,req_1,Scapteromys aquaticus,2015-09-25/2015-10-08,LZ-C,Argentina,Los Zapallos,site,-31.4950000,-60.4419000,1,,,,,,
req_94,req_1,Scapteromys aquaticus,2015-09-25/2015-10-08,LZ-C,Argentina,Los Zapallos,site,-31.4950000,-60.4419000,1,,,,,,
req_95,req_1,Scapteromys aquaticus,2015-09-25/2015-10-08,LZ-C,Argentina,Los Zapallos,site,-31.4950000,-60.4419000,1,,,,,,
req_96,req_1,Scapteromys aquaticus,2015-09-25/2015-10-08,LZ-C,Argentina,Los Zapallos,site,-31.4950000,-60.4419000,1,,,,,,
req_97,req_1,Scapteromys aquaticus,2015-09-25/2015-10-08,LZ-C,Argentina,Los Zapallos,site,-31.4950000,-60.4419000,1,,,,,,
req_98,req_1,Scapteromys aquaticus,2015-09-25/2015-10-08,LZ-C,Argentina,Los Zapallos,site,-31.4950000,-60.4419000,1,,,,,,
req_99,req_1,Oligoryzomys flavescens,2015-09-25/2015-10-08,LZ-C,Argentina,Los Zapallos,site,-31.4950000,-60.4419000,1,,,,,,
req_100,req_1,Scapteromys aquaticus,2015-09-25/2015-10-08,LZ-C,Argentina,Los Zapallos,site,-31.4950000,-60.4419000,1,,,,,,
req_101,req_1,Scapteromys aquaticus,2015-09-25/2015-10-08,LZ-C,Argentina,Los Zapallos,site,-31.4950000,-60.4419000,1,,,,,,
req_102,req_1,Oligoryzomys flavescens,2015-09-25/2015-10-08,LZ-C,Argentina,Los Zapallos,site,-31.4950000,-60.4419000,1,,,,,,
req_103,req_1,Akodon azarae,2014-09-18/2014-10-02,LZ-N,Argentina,Los Zapallos,site,-31.4976000,-60.4610000,1,,,,,,
req_104,req_1,Akodon azarae,2014-09-18/2014-10-02,LZ-N,Argentina,Los Zapallos,site,-31.4976000,-60.4610000,1,,,,,,
req_105,req_1,Akodon azarae,2014-09-18/2014-10-02,LZ-N,Argentina,Los Zapallos,site,-31.4976000,-60.4610000,1,,,,,,
req_106,req_1,Rattus rattus,2014-09-18/2014-10-02,LZ-N,Argentina,Los Zapallos,site,-31.4976000,-60.4610000,1,,,,,,
req_107,req_1,Scapteromys aquaticus,2014-09-18/2014-10-02,LZ-N,Argentina,Los Zapallos,site,-31.4976000,-60.4610000,1,,,,,,
req_108,req_1,Scapteromys aquaticus,2015-09-25/2015-10-08,LZ-N,Argentina,Los Zapallos,site,-31.4976000,-60.4610000,1,,,,,,
req_109,req_1,Scapteromys aquaticus,2015-09-25/2015-10-08,LZ-N,Argentina,Los Zapallos,site,-31.4976000,-60.4610000,1,,,,,,
req_110,req_1,Scapteromys aquaticus,2015-09-25/2015-10-08,LZ-N,Argentina,Los Zapallos,site,-31.4976000,-60.4610000,1,,,,,,
req_111,req_1,Scapteromys aquaticus,2015-09-25/2015-10-08,LZ-N,Argentina,Los Zapallos,site,-31.4976000,-60.4610000,1,,,,,,
req_112,req_1,Scapteromys aquaticus,2015-09-25/2015-10-08,LZ-N,Argentina,Los Zapallos,site,-31.4976000,-60.4610000,1,,,,,,
req_113,req_1,Cavia aperea,2015-09-25/2015-10-08,LZ-N,Argentina,Los Zapallos,site,-31.4976000,-60.4610000,1,,,,,,
req_114,req_1,Oligoryzomys flavescens,2015-09-25/2015-10-08,LZ-N,Argentina,Los Zapallos,site,-31.4976000,-60.4610000,1,,,,,,
req_115,req_1,Akodon azarae,2015-09-25/2015-10-08,LZ-N,Argentina,Los Zapallos,site,-31.4976000,-60.4610000,1,,,,,,
req_116,req_1,Akodon azarae,2015-09-25/2015-10-08,LZ-N,Argentina,Los Zapallos,site,-31.4976000,-60.4610000,1,,,,,,
req_117,req_1,Akodon azarae,2015-09-25/2015-10-08,LZ-N,Argentina,Los Zapallos,site,-31.4976000,-60.4610000,1,,,,,,
req_118,req_1,Mus musculus,2015-09-25/2015-10-08,AV-N,Argentina,Los Zapallos,site,-31.6982000,-60.6835000,0,,,,,,
req_119,req_2,Acomys ngurui,01/06/2015,Amboni caves,Tanzania,,site,-5.0700000,39.1000000,2,,,,,,
req_120,req_2,Aethomys chrysophilus,01/11/2009,Berega 1,Tanzania,,site,-6.1700000,37.1000000,1,,,,,,
req_121,req_2,Mus minutoides,01/11/2009,Berega 1,Tanzania,,site,-6.1700000,37.1000000,1,,,,,,
req_122,req_2,Aethomys chrysophilus,01/11/2009,Berega 2,Tanzania,,site,-6.1500000,37.1000000,2,,,,,,
req_123,req_2,Acomys sp.,01/08/2019,Berega 3,Tanzania,,site,-6.1900000,37.2000000,1,,,,,,
req_124,req_2,Aethomys chrysophilus,01/08/2019,Berega 3,Tanzania,,site,-6.1900000,37.2000000,3,,,,,,
req_125,req_2,Arvincanthis neumanni,01/08/2019,Berega 3,Tanzania,,site,-6.1900000,37.2000000,1,,,,,,
req_126,req_2,Grammomys surdaster,01/08/2019,Berega 3,Tanzania,,site,-6.1900000,37.2000000,1,,,,,,
req_127,req_2,Aethomys chrysophilus,01/06/2015,Bonga - Bereku FR,Tanzania,,site,-4.3300000,35.8000000,5,,,,,,
req_128,req_2,Gerbilliscus sp.,01/01/2011,Bwawani,Tanzania,,site,-6.6700000,38.0000000,2,,,,,,
req_129,req_2,Lemniscomys rosalia,01/06/2015,Chabima,Tanzania,,site,-6.8500000,36.8000000,1,,,,,,
req_130,req_2,Rattus rattus,01/06/2015,Chabima,Tanzania,,site,-6.8500000,36.8000000,1,,,,,,
req_131,req_2,Aethomys chrysophilus,01/09/2018,Chala 1,Tanzania,,site,-7.5800000,31.3000000,1,,,,,,
req_132,req_2,Lemniscomys striatus,01/09/2018,Chala 1,Tanzania,,site,-7.5800000,31.3000000,2,,,,,,
req_133,req_2,Montemys delectorum,01/09/2018,Chala 1,Tanzania,,site,-7.5800000,31.3000000,1,,,,,,
req_134,req_2,Lemniscomys striatus,01/09/2018,Chala 2,Tanzania,,site,-7.5900000,31.3000000,1,,,,,,
req_135,req_2,Crocidura sp.,01/12/2009,Dakawa,Tanzania,,site,-6.4500000,37.5000000,1,,,,,,
req_136,req_2,Crocidura sp.,01/12/2009,Dumila,Tanzania,,site,-6.3900000,37.4000000,1,,,,,,
req_137,req_2,Mus minutoides,01/12/2009,Dumila,Tanzania,,site,-6.3900000,37.4000000,1,,,,,,
req_138,req_2,Mus musculus,01/07/2019,Gairo,Tanzania,,site,-6.1500000,36.9000000,2,,,,,,
req_139,req_2,Acomys ngurui,01/06/2015,Handeni,Tanzania,,site,-5.4500000,38.0000000,5,,,,,,
req_140,req_2,Gerbilliscus vicinus,01/06/2015,Handeni,Tanzania,,site,-5.4500000,38.0000000,2,,,,,,
req_141,req_2,Lemniscomys rosalia,01/06/2015,Handeni,Tanzania,,site,-5.4500000,38.0000000,4,,,,,,
req_142,req_2,Acomys wilsoni,01/06/2015,Himo 1,Tanzania,,site,-3.3600000,37.6000000,1,,,,,,
req_143,req_2,Gerbilliscus vicinus,01/06/2015,Himo 1,Tanzania,,site,-3.3600000,37.6000000,3,,,,,,
req_144,req_2,Acomys wilsoni,01/06/2015,Himo 2,Tanzania,,site,-3.3300000,37.6000000,4,,,,,,
req_145,req_2,Gerbilliscus vicinus,01/06/2015,Himo 2,Tanzania,,site,-3.3300000,37.6000000,2,,,,,,
req_146,req_2,Crocidura bloyeti,01/08/2016,Ibohora 1,Tanzania,,site,-8.7000000,34.3000000,4,,,,,,
req_147,req_2,Crocidura sp.,01/08/2016,Ibohora 1,Tanzania,,site,-8.7000000,34.3000000,4,,,,,,
req_148,req_2,Crocidura bloyeti,01/08/2016,Ibohora 2,Tanzania,,site,-8.7100000,34.3000000,1,,,,,,
req_149,req_2,Crocidura sp.,01/08/2016,Ibohora 2,Tanzania,,site,-8.7100000,34.3000000,2,,,,,,
req_150,req_2,Aethomys chrysophilus,01/06/2016,Ibuti,Tanzania,,site,-6.1400000,36.9000000,9,,,,,,
req_151,req_2,Gerbilliscus vicinus,01/06/2016,Ibuti,Tanzania,,site,-6.1400000,36.9000000,2,,,,,,
req_152,req_2,Aethomys kaiseri,01/07/2016,Ifunda 1,Tanzania,,site,-8.0400000,35.5000000,2,,,,,,
req_153,req_2,Grammomys surdaster,01/07/2016,Ifunda 1,Tanzania,,site,-8.0400000,35.5000000,1,,,,,,
req_154,req_2,Mus triton,01/07/2016,Ifunda 1,Tanzania,,site,-8.0400000,35.5000000,9,,,,,,
req_155,req_2,Rattus rattus,01/07/2016,Ifunda 1,Tanzania,,site,-8.0400000,35.5000000,4,,,,,,
req_156,req_2,Rhabdomys dilectus,01/07/2016,Ifunda 1,Tanzania,,site,-8.0400000,35.5000000,1,,,,,,
req_157,req_2,Mus minutoides,01/07/2016,Ifunda 2,Tanzania,,site,-8.0900000,35.4000000,1,,,,,,
req_158,req_2,Mus triton,01/07/2016,Ifunda 2,Tanzania,,site,-8.0900000,35.4000000,22,,,,,,
req_159,req_2,Rhabdomys dilectus,01/07/2016,Ifunda 2,Tanzania,,site,-8.0900000,35.4000000,3,,,,,,
req_160,req_2,Grammomys surdaster,01/09/2018,Ihanga,Tanzania,,site,-9.4700000,34.2000000,1,,,,,,
req_161,req_2,Mus triton,01/09/2018,Ihanga,Tanzania,,site,-9.4700000,34.2000000,1,,,,,,
req_162,req_2,Rhabdomys dilectus,01/09/2018,Ihanga,Tanzania,,site,-9.4700000,34.2000000,2,,,,,,
req_163,req_2,Dasymys incomtus,01/09/2018,Ihanga,Tanzania,,site,-9.4700000,34.2000000,1,,,,,,
req_164,req_2,Dendromus nyasae,01/09/2018,Ihanga,Tanzania,,site,-9.4700000,34.2000000,1,,,,,,
req_165,req_2,Grammomys surdaster,01/09/2018,Ihanga,Tanzania,,site,-9.4700000,34.2000000,1,,,,,,
req_166,req_2,Lophuromys machangui,01/09/2018,Ihanga,Tanzania,,site,-9.4700000,34.2000000,1,,,,,,
req_167,req_2,Mus triton,01/09/2018,Ihanga,Tanzania,,site,-9.4700000,34.2000000,2,,,,,,
req_168,req_2,Rhabdomys dilectus,01/09/2018,Ihanga,Tanzania,,site,-9.4700000,34.2000000,4,,,,,,
req_169,req_2,Acomys muzei,01/07/2016,Ikokoto,Tanzania,,site,-7.6500000,36.1000000,5,,,,,,
req_170,req_2,Aethomys chrysophilus,01/07/2016,Ikokoto,Tanzania,,site,-7.6500000,36.1000000,12,,,,,,
req_171,req_2,Lemniscomys rosalia,01/07/2016,Ikokoto,Tanzania,,site,-7.6500000,36.1000000,1,,,,,,
req_172,req_2,Grammomys surdaster,01/07/2016,Ikokoto,Tanzania,,site,-7.6500000,36.1000000,2,,,,,,
req_173,req_2,Dasymys incomtus,01/08/2018,Ikola,Tanzania,,site,6.7300000,30.4000000,1,,,,,,
req_174,req_2,Aethomys kaiseri,01/06/2015,Ikona WMA 1,Tanzania,,site,-2.1100000,34.7000000,1,,,,,,
req_175,req_2,Saccostomus umbriventer,01/06/2015,Ikona WMA 1,Tanzania,,site,-2.1100000,34.7000000,1,,,,,,
req_176,req_2,Serengetimys pernanus,01/06/2015,Ikona WMA 1,Tanzania,,site,-2.1100000,34.7000000,1,,,,,,
req_177,req_2,Rattus rattus,01/06/2015,Ikona WMA 2,Tanzania,,site,-1.8400000,34.7000000,1,,,,,,
req_178,req_2,Acomys percivali,01/06/2015,Ikona WMA 3,Tanzania,,site,-2.1100000,34.6000000,16,,,,,,
req_179,req_2,Aethomys chrysophilus,01/06/2015,Ikona WMA 3,Tanzania,,site,-2.1100000,34.6000000,1,,,,,,
req_180,req_2,Dasymys incomtus,01/09/2018,Ilindiwe,Tanzania,,site,-9.2700000,34.3000000,1,,,,,,
req_181,req_2,Dendromus nyasae,01/09/2018,Ilindiwe,Tanzania,,site,-9.2700000,34.3000000,1,,,,,,
req_182,req_2,Gerbilliscus boehmi,01/09/2018,Ilindiwe,Tanzania,,site,-9.2700000,34.3000000,1,,,,,,
req_183,req_2,Mus triton,01/09/2018,Ilindiwe,Tanzania,,site,-9.2700000,34.3000000,15,,,,,,
req_184,req_2,Rhabdomys dilectus,01/09/2018,Ilindiwe,Tanzania,,site,-9.2700000,34.3000000,10,,,,,,
req_185,req_2,Grammomys surdaster,01/06/2015,Ilunda,Tanzania,,site,-9.0200000,34.8000000,1,,,,,,
req_186,req_2,Mus minutoides,01/06/2015,Ilunda,Tanzania,,site,-9.0200000,34.8000000,4,,,,,,
req_187,req_2,Mus triton,01/06/2015,Ilunda,Tanzania,,site,-9.0200000,34.8000000,5,,,,,,
req_188,req_2,Rattus rattus,01/06/2015,Ilunda,Tanzania,,site,-9.0200000,34.8000000,1,,,,,,
req_189,req_2,Rhabdomys dilectus,01/06/2015,Ilunda,Tanzania,,site,-9.0200000,34.8000000,2,,,,,,
req_190,req_2,Lophuromys machangui,01/08/2019,Iniho,Tanzania,,site,-9.2700000,34.0000000,4,,,,,,
req_191,req_2,Montemys delectorum,01/08/2019,Iniho,Tanzania,,site,-9.2700000,34.0000000,1,,,,,,
req_192,req_2,Mus triton,01/08/2019,Iniho 1,Tanzania,,site,-9.2700000,34.0000000,4,,,,,,
req_193,req_2,Rhabdomys dilectus,01/08/2019,Iniho 1,Tanzania,,site,-9.2700000,34.0000000,4,,,,,,
req_194,req_2,Lophuromys machangui,01/08/2019,Iniho 1,Tanzania,,site,-9.2700000,34.0000000,3,,,,,,
req_195,req_2,Rhabdomys dilectus,01/08/2019,Iniho 1,Tanzania,,site,-9.2700000,34.0000000,3,,,,,,
req_196,req_2,Mus triton,01/08/2019,Iniho 2,Tanzania,,site,-9.2800000,34.0000000,7,,,,,,
req_197,req_2,Rhabdomys dilectus,01/08/2019,Iniho 2,Tanzania,,site,-9.2800000,34.0000000,1,,,,,,
req_198,req_2,Dasymys incomtus,01/08/2019,Ipelele 1,Tanzania,,site,-9.2400000,34.0000000,1,,,,,,
req_199,req_2,Grammomys surdaster,01/08/2019,Ipelele 1,Tanzania,,site,-9.2400000,34.0000000,1,,,,,,
req_200,req_2,Lophuromys machangui,01/08/2019,Ipelele 1,Tanzania,,site,-9.2400000,34.0000000,1,,,,,,
req_201,req_2,Montemys delectorum,01/08/2019,Ipelele 1,Tanzania,,site,-9.2400000,34.0000000,1,,,,,,
req_202,req_2,Mus triton,01/08/2019,Ipelele 1,Tanzania,,site,-9.2400000,34.0000000,2,,,,,,
req_203,req_2,Lophuromys machangui,01/08/2019,Ipelele 1,Tanzania,,site,-9.2400000,34.0000000,3,,,,,,
req_204,req_2,Mus triton,01/08/2019,Ipelele 1,Tanzania,,site,-9.2400000,34.0000000,1,,,,,,
req_205,req_2,Grammomys surdaster,01/08/2019,Ipelele 2,Tanzania,,site,-9.2500000,34.0000000,1,,,,,,
req_206,req_2,Lophuromys machangui,01/08/2019,Ipelele 2,Tanzania,,site,-9.2500000,34.0000000,1,,,,,,
req_207,req_2,Mus triton,01/08/2019,Ipelele 2,Tanzania,,site,-9.2500000,34.0000000,3,,,,,,
req_208,req_2,Lophuromys machangui,01/08/2019,Ipelele 2,Tanzania,,site,-9.2500000,34.0000000,10,,,,,,
req_209,req_2,Dasymys incomtus,01/08/2019,Ipelele 3,Tanzania,,site,-9.2600000,34.0000000,1,,,,,,
req_210,req_2,Hylomyscus arcimontensis,01/08/2019,Ipelele 3,Tanzania,,site,-9.2600000,34.0000000,1,,,,,,
req_211,req_2,Montemys delectorum,01/08/2019,Ipelele 3,Tanzania,,site,-9.2600000,34.0000000,7,,,,,,
req_212,req_2,Rhabdomys dilectus,01/08/2019,Ipelele 3,Tanzania,,site,-9.2600000,34.0000000,3,,,,,,
req_213,req_2,Montemys delectorum,01/08/2019,Ipelele 3,Tanzania,,site,-9.2600000,34.0000000,5,,,,,,
req_214,req_2,Mus triton,01/08/2019,Ipelele 3,Tanzania,,site,-9.2600000,34.0000000,5,,,,,,
req_215,req_2,Rhabdomys dilectus,01/08/2019,Ipelele 3,Tanzania,,site,-9.2600000,34.0000000,1,,,,,,
req_216,req_2,Lophuromys machangui,01/08/2019,Ipelele 3,Tanzania,,site,-9.2600000,34.0000000,1,,,,,,
req_217,req_2,Lophuromys machangui,01/08/2019,Ipelele 3,Tanzania,,site,-9.2600000,34.0000000,2,,,,,,
req_218,req_2,Montemys delectorum,01/08/2019,Ipelele 3,Tanzania,,site,-9.2600000,34.0000000,1,,,,,,
req_219,req_2,Aethomys kaiseri,01/11/2018,Isale 1,Tanzania,,site,-7.6200000,31.1000000,1,,,,,,
req_220,req_2,Lemniscomys striatus,01/11/2018,Isale 1,Tanzania,,site,-7.6200000,31.1000000,6,,,,,,
req_221,req_2,Aethomys kaiseri,01/11/2018,Isale 2,Tanzania,,site,-7.6300000,31.1000000,2,,,,,,
req_222,req_2,Lemniscomys striatus,01/11/2018,Isale 2,Tanzania,,site,-7.6300000,31.1000000,7,,,,,,
req_223,req_2,Acomys muzei,01/08/2019,Itete 3,Tanzania,,site,-9.3400000,33.9000000,2,,,,,,
req_224,req_2,Lemniscomys striatus,01/08/2019,Itete 3,Tanzania,,site,-9.3400000,33.9000000,2,,,,,,
req_225,req_2,Saccostomus campestris,01/08/2019,Itete 3,Tanzania,,site,-9.3400000,33.9000000,2,,,,,,
req_226,req_2,Mus minutoides,01/09/2018,Itundu,Tanzania,,site,-9.7700000,34.5000000,1,,,,,,
req_227,req_2,Mus triton,01/08/2019,Iwawa 1,Tanzania,,site,-9.2600000,34.1000000,1,,,,,,
req_228,req_2,Mus triton,01/08/2019,Iwawa 2,Tanzania,,site,-9.2700000,34.1000000,1,,,,,,
req_229,req_2,Lophuromys machangui,01/08/2019,Iwawa 3,Tanzania,,site,-9.2800000,34.1000000,3,,,,,,
req_230,req_2,Montemys delectorum,01/08/2019,Iwawa 3,Tanzania,,site,-9.2800000,34.1000000,3,,,,,,
req_231,req_2,Mus triton,01/08/2019,Iwawa 3,Tanzania,,site,-9.2800000,34.1000000,7,,,,,,
req_232,req_2,Rhabdomys dilectus,01/08/2019,Iwawa 3,Tanzania,,site,-9.2800000,34.1000000,6,,,,,,
req_233,req_2,Gerbilliscus taborae,01/08/2019,Kabwe,Tanzania,,site,-7.0700000,30.6000000,3,,,,,,
req_234,req_2,Gerbilliscus taborae,01/08/2019,Kabwe,Tanzania,,site,-7.0700000,30.6000000,3,,,,,,
req_235,req_2,Aethomys kaiseri,01/09/2018,Kakoma,Tanzania,,site,-7.5200000,31.0000000,2,,,,,,
req_236,req_2,Crocidura turba,01/09/2018,Kakoma,Tanzania,,site,-7.5200000,31.0000000,3,,,,,,
req_237,req_2,Dasymys incomtus,01/09/2018,Kakoma,Tanzania,,site,-7.5200000,31.0000000,1,,,,,,
req_238,req_2,Grammomys surdaster,01/09/2018,Kakoma,Tanzania,,site,-7.5200000,31.0000000,1,,,,,,
req_239,req_2,Lemniscomys striatus,01/09/2018,Kakoma,Tanzania,,site,-7.5200000,31.0000000,14,,,,,,
req_240,req_2,Mus minutoides,01/09/2018,Kakoma,Tanzania,,site,-7.5200000,31.0000000,1,,,,,,
req_241,req_2,Mus triton,01/09/2018,Kakoma,Tanzania,,site,-7.5200000,31.0000000,2,,,,,,
req_242,req_2,Pelomys fallax,01/09/2018,Kakoma,Tanzania,,site,-7.5200000,31.0000000,1,,,,,,
req_243,req_2,Acomys muzei,01/06/2015,Kanga,Tanzania,,site,-9.4500000,33.9000000,3,,,,,,
req_244,req_2,Dasymys incomtus,01/08/2019,Kantawa,Tanzania,,site,-7.7400000,31.4000000,1,,,,,,
req_245,req_2,Lemniscomys striatus,01/08/2019,Kantawa,Tanzania,,site,-7.7400000,31.4000000,1,,,,,,
req_246,req_2,Mus triton,01/08/2019,Kantawa,Tanzania,,site,-7.7400000,31.4000000,1,,,,,,
req_247,req_2,Dasymys incomtus,01/08/2019,Kantawa,Tanzania,,site,-7.7400000,31.4000000,3,,,,,,
req_248,req_2,Lemniscomys striatus,01/08/2019,Kantawa,Tanzania,,site,-7.7400000,31.4000000,1,,,,,,
req_249,req_2,Mus triton,01/08/2019,Kantawa,Tanzania,,site,-7.7400000,31.4000000,1,,,,,,
req_250,req_2,Gerbilliscus taborae,01/08/2019,Karema,Tanzania,,site,-6.8100000,30.4000000,3,,,,,,
req_251,req_2,Gerbilliscus taborae,01/08/2019,Karema,Tanzania,,site,-6.8100000,30.4000000,3,,,,,,
req_252,req_2,Dasymys incomtus,01/08/2019,Kasu 1,Tanzania,,site,-7.6300000,31.3000000,1,,,,,,
req_253,req_2,Lemniscomys striatus,01/08/2019,Kasu 1,Tanzania,,site,-7.6300000,31.3000000,1,,,,,,
req_254,req_2,Mastomys erythroleucus,01/08/2019,Kasu 1,Tanzania,,site,-7.6300000,31.3000000,2,,,,,,
req_255,req_2,Mus triton,01/08/2019,Kasu 1,Tanzania,,site,-7.6300000,31.3000000,1,,,,,,
req_256,req_2,Mus triton,01/08/2019,Kasu 2,Tanzania,,site,-7.6400000,31.3000000,1,,,,,,
req_257,req_2,Aethomys kaiseri,01/11/2018,Kate,Tanzania,,site,-7.8600000,31.2000000,1,,,,,,
req_258,req_2,Grammomys surdaster,01/11/2018,Kate,Tanzania,,site,-7.8600000,31.2000000,1,,,,,,
req_259,req_2,Lemniscomys striatus,01/11/2018,Kate,Tanzania,,site,-7.8600000,31.2000000,1,,,,,,
req_260,req_2,Mus triton,01/11/2018,Kate,Tanzania,,site,-7.8600000,31.2000000,1,,,,,,
req_261,req_2,Pelomys fallax,01/11/2018,Kate,Tanzania,,site,-7.8600000,31.2000000,1,,,,,,
req_262,req_2,Aethomys chrysophilus,01/06/2015,Katesh - Hanang FR 1,Tanzania,,site,-4.4800000,35.4000000,2,,,,,,
req_263,req_2,Lophuromys makundii,01/06/2015,Katesh - Hanang FR 2,Tanzania,,site,-4.4900000,35.4000000,5,,,,,,
req_264,req_2,Montemys delectorum,01/06/2015,Katesh - Hanang FR 2,Tanzania,,site,-4.4900000,35.4000000,1,,,,,,
req_265,req_2,Aethomys kaiseri,01/11/2018,Katumba Azimio,Tanzania,,site,-8.0800000,31.7000000,1,,,,,,
req_266,req_2,Mus triton,01/08/2016,Kibena 1,Tanzania,,site,-9.1900000,34.8000000,23,,,,,,
req_267,req_2,Rhabdomys dilectus,01/08/2016,Kibena 1,Tanzania,,site,-9.1900000,34.8000000,4,,,,,,
req_268,req_2,Mus triton,01/08/2016,Kibena 2,Tanzania,,site,-9.2600000,34.8000000,2,,,,,,
req_269,req_2,Rhabdomys dilectus,01/08/2016,Kibena 2,Tanzania,,site,-9.2600000,34.8000000,1,,,,,,
req_270,req_2,Dendromus nyasae,01/08/2016,Kibena 2,Tanzania,,site,-9.2600000,34.8000000,1,,,,,,
req_271,req_2,Montemys delectorum,01/08/2016,Kibena 2,Tanzania,,site,-9.2600000,34.8000000,1,,,,,,
req_272,req_2,Mus triton,01/08/2016,Kibena 2,Tanzania,,site,-9.2600000,34.8000000,3,,,,,,
req_273,req_2,Rhabdomys dilectus,01/08/2016,Kibena 2,Tanzania,,site,-9.2600000,34.8000000,1,,,,,,
req_274,req_2,Acomys ngurui,01/06/2015,Kiberashi 1,Tanzania,,site,-5.3800000,37.5000000,1,,,,,,
req_275,req_2,Aethomys chrysophilus,01/06/2015,Kiberashi 1,Tanzania,,site,-5.3800000,37.5000000,7,,,,,,
req_276,req_2,Crocidura sp.,01/06/2015,Kiberashi 1,Tanzania,,site,-5.3800000,37.5000000,1,,,,,,
req_277,req_2,Gerbilliscus vicinus,01/06/2015,Kiberashi 1,Tanzania,,site,-5.3800000,37.5000000,1,,,,,,
req_278,req_2,Lophuromys kilonzoi,01/06/2015,Kiberashi 1,Tanzania,,site,-5.3800000,37.5000000,1,,,,,,
req_279,req_2,Mus minutoides,01/06/2015,Kiberashi 1,Tanzania,,site,-5.3800000,37.5000000,2,,,,,,
req_280,req_2,Aethomys chrysophilus,01/07/2016,Kibirashi 2,Tanzania,,site,-5.3900000,37.4000000,1,,,,,,
req_281,req_2,Aethomys chrysophilus,01/07/2016,Kibirashi 3,Tanzania,,site,-5.4000000,37.4000000,5,,,,,,
req_282,req_2,Aethomys kaiseri,01/07/2016,Kibirashi 3,Tanzania,,site,-5.4000000,37.4000000,1,,,,,,
req_283,req_2,Gerbilliscus vicinus,01/07/2016,Kibirashi 3,Tanzania,,site,-5.4000000,37.4000000,1,,,,,,
req_284,req_2,Grammomys surdaster,01/07/2016,Kibirashi 3,Tanzania,,site,-5.4000000,37.4000000,1,,,,,,
req_285,req_2,Acomys wilsoni,01/07/2016,Kibirashi 2,Tanzania,,site,-5.3900000,37.4000000,2,,,,,,
req_286,req_2,Gerbilliscus vicinus,01/07/2016,Kidayi A,Tanzania,,site,-7.5300000,36.7000000,2,,,,,,
req_287,req_2,Acomys wilsoni,01/06/2016,Kijungu 1,Tanzania,,site,-5.3900000,37.2000000,3,,,,,,
req_288,req_2,Aethomys chrysophilus,01/06/2016,Kijungu 1,Tanzania,,site,-5.3900000,37.2000000,2,,,,,,
req_289,req_2,Arvincanthis neumanni,01/06/2016,Kijungu 1,Tanzania,,site,-5.3900000,37.2000000,3,,,,,,
req_290,req_2,Saccostomus umbriventer,01/06/2016,Kijungu 1,Tanzania,,site,-5.3900000,37.2000000,2,,,,,,
req_291,req_2,Zelotomys hildegardeae,01/06/2016,Kijungu 1,Tanzania,,site,-5.3900000,37.2000000,1,,,,,,
req_292,req_2,Acomys wilsoni,01/06/2016,Kijungu 2,Tanzania,,site,-5.4000000,37.2000000,1,,,,,,
req_293,req_2,Aethomys chrysophilus,01/06/2016,Kijungu 2,Tanzania,,site,-5.4000000,37.2000000,2,,,,,,
req_294,req_2,Crocidura bloyeti,01/11/2018,Kilinda,Tanzania,,site,-7.4200000,31.4000000,2,,,,,,
req_295,req_2,Lemniscomys striatus,01/11/2018,Kilinda,Tanzania,,site,-7.4200000,31.4000000,1,,,,,,
req_296,req_2,Acomys muzei,01/06/2016,Kimbe,Tanzania,,site,-5.7900000,37.6000000,1,,,,,,
req_297,req_2,Gerbilliscus taborae,01/11/2018,Kinambo,Tanzania,,site,-8.1300000,32.0000000,2,,,,,,
req_298,req_2,Lemniscomys rosalia,01/06/2015,Kireguru,Tanzania,,site,-5.4700000,37.6000000,2,,,,,,
req_299,req_2,Mus minutoides,01/06/2015,Kireguru,Tanzania,,site,-5.4700000,37.6000000,2,,,,,,
req_300,req_2,Lophuromys machangui,01/09/2018,Kisinga 1,Tanzania,,site,-9.3000000,34.2000000,3,,,,,,
req_301,req_2,Mus triton,01/09/2018,Kisinga 1,Tanzania,,site,-9.3000000,34.2000000,13,,,,,,
req_302,req_2,Rhabdomys dilectus,01/09/2018,Kisinga 1,Tanzania,,site,-9.3000000,34.2000000,1,,,,,,
req_303,req_2,Grammomys surdaster,01/09/2018,Kisinga 2,Tanzania,,site,-9.3100000,34.2000000,2,,,,,,
req_304,req_2,Mus triton,01/09/2018,Kisinga 2,Tanzania,,site,-9.3100000,34.2000000,1,,,,,,
req_305,req_2,Rhabdomys dilectus,01/09/2018,Kisinga 2,Tanzania,,site,-9.3100000,34.2000000,1,,,,,,
req_306,req_2,Acomys ngurui,01/06/2015,Kisongwe,Tanzania,,site,-6.6300000,37.0000000,2,,,,,,
req_307,req_2,Aethomys silindensis,01/06/2015,Kisongwe,Tanzania,,site,-6.6300000,37.0000000,4,,,,,,
req_308,req_2,Gerbilliscus vicinus,01/06/2015,Kisongwe,Tanzania,,site,-6.6300000,37.0000000,1,,,,,,
req_309,req_2,Lemniscomys rosalia,01/06/2015,Kisongwe,Tanzania,,site,-6.6300000,37.0000000,1,,,,,,
req_310,req_2,Mus triton,01/11/2018,Kisumba,Tanzania,,site,-8.0600000,31.5000000,7,,,,,,
req_311,req_2,Aethomys kaiseri,01/11/2018,Kisumba,Tanzania,,site,-8.0600000,31.5000000,1,,,,,,
req_312,req_2,Mus triton,01/11/2018,Kisumba,Tanzania,,site,-8.0600000,31.5000000,5,,,,,,
req_313,req_2,Grammomys macmillani,01/06/2015,Kitumbeine FR,Tanzania,,site,-2.9100000,36.3000000,1,,,,,,
req_314,req_2,Lophuromys makundii,01/06/2015,Kitumbeine FR,Tanzania,,site,-2.9100000,36.3000000,6,,,,,,
req_315,req_2,Montemys delectorum,01/06/2015,Kitumbeine FR,Tanzania,,site,-2.9100000,36.3000000,7,,,,,,
req_316,req_2,Otomys angoniensis,01/06/2015,Kitumbeine FR,Tanzania,,site,-2.9100000,36.3000000,1,,,,,,
req_317,req_2,Rattus rattus,01/06/2015,Kitumbeine FR,Tanzania,,site,-2.9100000,36.3000000,2,,,,,,
req_318,req_2,Rhabdomys dilectus,01/06/2015,Kitumbeine FR,Tanzania,,site,-2.9100000,36.3000000,4,,,,,,
req_319,req_2,Gerbilliscus taborae,01/11/2018,Kizi,Tanzania,,site,-7.1800000,31.0000000,1,,,,,,
req_320,req_2,Acomys wilsoni,01/07/2016,Komtema,Tanzania,,site,-5.4100000,38.0000000,1,,,,,,
req_321,req_2,Gerbilliscus vicinus,01/07/2016,Komtema,Tanzania,,site,-5.4100000,38.0000000,1,,,,,,
req_322,req_2,Lemniscomys rosalia,01/07/2016,Komtema,Tanzania,,site,-5.4100000,38.0000000,3,,,,,,
req_323,req_2,Acomys ngurui,01/06/2015,Korogwe,Tanzania,,site,-5.2400000,38.5000000,3,,,,,,
req_324,req_2,Acomys wilsoni,01/06/2015,Korogwe,Tanzania,,site,-5.2400000,38.5000000,1,,,,,,
req_325,req_2,Aethomys kaiseri,01/06/2015,Korogwe,Tanzania,,site,-5.2400000,38.5000000,2,,,,,,
req_326,req_2,Gerbilliscus vicinus,01/06/2015,Korogwe,Tanzania,,site,-5.2400000,38.5000000,1,,,,,,
req_327,req_2,Lemniscomys rosalia,01/06/2016,Kunke,Tanzania,,site,-6.1300000,37.7000000,1,,,,,,
req_328,req_2,Mus minutoides,01/06/2016,Kunke,Tanzania,,site,-6.1300000,37.7000000,1,,,,,,
req_329,req_2,Gerbilliscus vicinus,01/06/2016,Kwekivu 1,Tanzania,,site,-5.7900000,37.3000000,1,,,,,,
req_330,req_2,Gerbilliscus vicinus,01/06/2016,Kwekivu 2,Tanzania,,site,-5.7800000,37.3000000,6,,,,,,
req_331,req_2,Heliophobius argenteocinereus,01/08/2008,Lihale 1,Tanzania,,site,-10.8000000,35.2000000,1,,,,,,
req_332,req_2,Heliophobius argenteocinereus,01/08/2008,Lihale 2,Tanzania,,site,-10.8000000,35.1000000,2,,,,,,
req_333,req_2,Gerbilliscus leucogaster,01/08/2016,Lilondo 1,Tanzania,,site,-9.8200000,35.4000000,1,,,,,,
req_334,req_2,Lophuromys machangui,01/08/2016,Lilondo 1,Tanzania,,site,-9.8200000,35.4000000,1,,,,,,
req_335,req_2,Mus minutoides,01/08/2016,Lilondo 1,Tanzania,,site,-9.8200000,35.4000000,3,,,,,,
req_336,req_2,Mus triton,01/08/2016,Lilondo 1,Tanzania,,site,-9.8200000,35.4000000,1,,,,,,
req_337,req_2,Acomys ngurui,01/08/2016,Lilondo 2,Tanzania,,site,-9.8400000,35.4000000,2,,,,,,
req_338,req_2,Aethomys silindensis,01/08/2016,Lilondo 2,Tanzania,,site,-9.8400000,35.4000000,1,,,,,,
req_339,req_2,Gerbilliscus leucogaster,01/08/2016,Lilondo 2,Tanzania,,site,-9.8400000,35.4000000,3,,,,,,
req_340,req_2,Lophuromys machangui,01/08/2016,Lilondo 2,Tanzania,,site,-9.8400000,35.4000000,2,,,,,,
req_341,req_2,Mus minutoides,01/08/2016,Lilondo 2,Tanzania,,site,-9.8400000,35.4000000,2,,,,,,
req_342,req_2,Mus triton,01/08/2016,Lilondo 2,Tanzania,,site,-9.8400000,35.4000000,1,,,,,,
req_343,req_2,Rattus rattus,01/08/2016,Lilondo 2,Tanzania,,site,-9.8400000,35.4000000,1,,,,,,
req_344,req_2,Acomys ngurui,01/08/2016,Lilondo 3,Tanzania,,site,-9.8500000,35.4000000,2,,,,,,
req_345,req_2,Aethomys chrysophilus,01/08/2016,Lilondo 3,Tanzania,,site,-9.8500000,35.4000000,2,,,,,,
req_346,req_2,Grammomys surdaster,01/08/2016,Lilondo 3,Tanzania,,site,-9.8500000,35.4000000,1,,,,,,
req_347,req_2,Rattus rattus,01/08/2016,Lilondo 4,Tanzania,,site,-9.8300000,35.4000000,2,,,,,,
req_348,req_2,Acomys percivali,01/06/2015,Longido,Tanzania,,site,-2.7300000,36.7000000,3,,,,,,
req_349,req_2,Ochromyscus niveiventris,01/06/2015,Longido,Tanzania,,site,-2.7300000,36.7000000,8,,,,,,
req_350,req_2,Montemys delectorum,01/09/2018,Ludilu,Tanzania,,site,-9.5400000,34.4000000,1,,,,,,
req_351,req_2,Mus minutoides,01/09/2018,Ludilu,Tanzania,,site,-9.5400000,34.4000000,1,,,,,,
req_352,req_2,Mus triton,01/09/2018,Ludilu,Tanzania,,site,-9.5400000,34.4000000,6,,,,,,
req_353,req_2,Lemniscomys striatus,01/08/2019,Lufilyo,Tanzania,,site,-9.3000000,33.9000000,3,,,,,,
req_354,req_2,Acomys muzei,01/07/2016,Lugalo,Tanzania,,site,-7.7600000,35.9000000,1,,,,,,
req_355,req_2,Aethomys chrysophilus,01/07/2016,Lugalo,Tanzania,,site,-7.7600000,35.9000000,5,,,,,,
req_356,req_2,Arvincanthis neumanni,01/07/2016,Lugalo,Tanzania,,site,-7.7600000,35.9000000,1,,,,,,
req_357,req_2,Gerbilliscus sp.,01/07/2016,Lugalo,Tanzania,,site,-7.7600000,35.9000000,1,,,,,,
req_358,req_2,Grammomys macmillani,01/07/2016,Lugalo,Tanzania,,site,-7.7600000,35.9000000,1,,,,,,
req_359,req_2,Zelotomys hildegardeae,01/07/2016,Lugalo,Tanzania,,site,-7.7600000,35.9000000,1,,,,,,
req_360,req_2,Aethomys sp.,01/09/2018,Lugarawa 1,Tanzania,,site,-9.7900000,34.7000000,1,,,,,,
req_361,req_2,Grammomys surdaster,01/09/2018,Lugarawa 1,Tanzania,,site,-9.7900000,34.7000000,1,,,,,,
req_362,req_2,Mus minutoides,01/09/2018,Lugarawa 1,Tanzania,,site,-9.7900000,34.7000000,1,,,,,,
req_363,req_2,Mus minutoides,01/09/2018,Lugarawa 2,Tanzania,,site,-9.8000000,34.7000000,3,,,,,,
req_364,req_2,Grammomys surdaster,01/09/2018,Lugarawa 2,Tanzania,,site,-9.8000000,34.7000000,1,,,,,,
req_365,req_2,Mus triton,01/09/2018,Lugarawa 2,Tanzania,,site,-9.8000000,34.7000000,2,,,,,,
req_366,req_2,Mus triton,01/09/2018,Lupila,Tanzania,,site,-9.5600000,34.4000000,1,,,,,,
req_367,req_2,Grammomys surdaster,01/08/2019,Lwangwa,Tanzania,,site,-9.2500000,33.8000000,1,,,,,,
req_368,req_2,Aethomys sp.,01/09/2018,Madunda,Tanzania,,site,-9.8500000,34.5000000,1,,,,,,
req_369,req_2,Lophuromys machangui,01/09/2018,Madunda,Tanzania,,site,-9.8500000,34.5000000,1,,,,,,
req_370,req_2,Mus triton,01/09/2018,Madunda,Tanzania,,site,-9.8500000,34.5000000,6,,,,,,
req_371,req_2,Mus minutoides,01/09/2018,Madunda,Tanzania,,site,-9.8500000,34.5000000,2,,,,,,
req_372,req_2,Mus triton,01/09/2018,Madunda,Tanzania,,site,-9.8500000,34.5000000,5,,,,,,
req_373,req_2,Acomys ngurui,01/07/2016,Mafleti,Tanzania,,site,-5.4200000,37.9000000,1,,,,,,
req_374,req_2,Acomys wilsoni,01/07/2016,Mafleti,Tanzania,,site,-5.4200000,37.9000000,1,,,,,,
req_375,req_2,Gerbilliscus vicinus,01/07/2016,Mafleti,Tanzania,,site,-5.4200000,37.9000000,1,,,,,,
req_376,req_2,Acomys ngurui,01/07/2016,Magamba,Tanzania,,site,-5.5600000,38.1000000,3,,,,,,
req_377,req_2,Acomys wilsoni,01/07/2016,Magamba,Tanzania,,site,-5.5600000,38.1000000,3,,,,,,
req_378,req_2,Gerbilliscus vicinus,01/07/2016,Magamba,Tanzania,,site,-5.5600000,38.1000000,3,,,,,,
req_379,req_2,Lemniscomys rosalia,01/07/2016,Magamba,Tanzania,,site,-5.5600000,38.1000000,1,,,,,,
req_380,req_2,Mus minutoides,01/07/2019,Magole 1,Tanzania,,site,-6.3700000,37.4000000,1,,,,,,
req_381,req_2,Mus minutoides,01/07/2019,Magole 2,Tanzania,,site,-6.3900000,37.4000000,1,,,,,,
req_382,req_2,Acomys sp.,01/12/2009,Maguha,Tanzania,,site,-6.2900000,37.2000000,6,,,,,,
req_383,req_2,Aethomys chrysophilus,01/12/2009,Maguha,Tanzania,,site,-6.2900000,37.2000000,2,,,,,,
req_384,req_2,Acomys wilsoni,01/07/2016,Mahenge,Tanzania,,site,-7.6400000,36.3000000,4,,,,,,
req_385,req_2,Aethomys chrysophilus,01/07/2016,Mahenge,Tanzania,,site,-7.6400000,36.3000000,6,,,,,,
req_386,req_2,Arvincanthis neumanni,01/07/2016,Mahenge,Tanzania,,site,-7.6400000,36.3000000,3,,,,,,
req_387,req_2,Grammomys macmillani,01/07/2016,Mahenge,Tanzania,,site,-7.6400000,36.3000000,1,,,,,,
req_388,req_2,Dendromus nyasae,01/09/2018,Malembuli,Tanzania,,site,-9.2800000,34.3000000,1,,,,,,
req_389,req_2,Lophuromys machangui,01/09/2018,Malembuli,Tanzania,,site,-9.2800000,34.3000000,3,,,,,,
req_390,req_2,Montemys delectorum,01/09/2018,Malembuli,Tanzania,,site,-9.2800000,34.3000000,1,,,,,,
req_391,req_2,Mus triton,01/09/2018,Malembuli,Tanzania,,site,-9.2800000,34.3000000,7,,,,,,
req_392,req_2,Rhabdomys dilectus,01/09/2018,Malembuli,Tanzania,,site,-9.2800000,34.3000000,1,,,,,,
req_393,req_2,Aethomys chrysophilus,01/08/2019,Manga,Tanzania,,site,-7.1300000,31.2000000,2,,,,,,
req_394,req_2,Gerbilliscus vicinus,01/06/2015,Mara River 1,Tanzania,,site,-1.5400000,34.0000000,3,,,,,,
req_395,req_2,Aethomys kaiseri,01/06/2015,Mara River 2,Tanzania,,site,-1.5300000,34.0000000,1,,,,,,
req_396,req_2,Ochromyscus niveiventris,01/06/2015,Mara River 2,Tanzania,,site,-1.5300000,34.0000000,4,,,,,,
req_397,req_2,Lophuromys kilonzoi,01/06/2015,Masenge 1,Tanzania,,site,-6.4000000,36.9000000,2,,,,,,
req_398,req_2,Montemys delectorum,01/06/2015,Masenge 1,Tanzania,,site,-6.4000000,36.9000000,6,,,,,,
req_399,req_2,Mus triton,01/06/2015,Masenge 1,Tanzania,,site,-6.4000000,36.9000000,3,,,,,,
req_400,req_2,Montemys delectorum,01/06/2015,Masenge 2,Tanzania,,site,-6.3700000,36.9000000,10,,,,,,
req_401,req_2,Mus minutoides,01/06/2015,Masenge 3,Tanzania,,site,-6.3600000,36.9000000,1,,,,,,
req_402,req_2,Mus triton,01/06/2015,Masenge 3,Tanzania,,site,-6.3600000,36.9000000,8,,,,,,
req_403,req_2,Rattus rattus,01/06/2015,Masenge 3,Tanzania,,site,-6.3600000,36.9000000,2,,,,,,
req_404,req_2,Graphiurus sp.,01/11/2018,Mashete,Tanzania,,site,-7.4200000,31.2000000,1,,,,,,
req_405,req_2,Lemniscomys striatus,01/11/2018,Mashete,Tanzania,,site,-7.4200000,31.2000000,1,,,,,,
req_406,req_2,Saccostomus campestris,01/11/2018,Mashete,Tanzania,,site,-7.4200000,31.2000000,2,,,,,,
req_407,req_2,Acomys muzei,01/06/2016,Mbande,Tanzania,,site,-6.1000000,36.3000000,1,,,,,,
req_408,req_2,Aethomys chrysophilus,01/06/2016,Mbande,Tanzania,,site,-6.1000000,36.3000000,2,,,,,,
req_409,req_2,Arvincanthis neumanni,01/06/2016,Mbande,Tanzania,,site,-6.1000000,36.3000000,5,,,,,,
req_410,req_2,Gerbilliscus vicinus,01/06/2016,Mbande,Tanzania,,site,-6.1000000,36.3000000,5,,,,,,
req_411,req_2,Grammomys sp.,01/01/2011,Mbulu,Tanzania,,site,-3.9000000,35.6000000,1,,,,,,
req_412,req_2,Lemniscomys zebra,01/01/2011,Mbulu,Tanzania,,site,-3.9000000,35.6000000,1,,,,,,
req_413,req_2,Lophuromys makundii,01/01/2011,Mbulu,Tanzania,,site,-3.9000000,35.6000000,3,,,,,,
req_414,req_2,Montemys delectorum,01/01/2011,Mbulu,Tanzania,,site,-3.9000000,35.6000000,2,,,,,,
req_415,req_2,Mus minutoides,01/01/2011,Mbulu,Tanzania,,site,-3.9000000,35.6000000,1,,,,,,
req_416,req_2,Rattus rattus,01/01/2011,Mbulu,Tanzania,,site,-3.9000000,35.6000000,1,,,,,,
req_417,req_2,Arvincanthis neumanni,01/07/2016,Mbuyuni 1,Tanzania,,site,-7.5100000,36.5000000,4,,,,,,
req_418,req_2,Gerbilliscus vicinus,01/07/2016,Mbuyuni 1,Tanzania,,site,-7.5100000,36.5000000,1,,,,,,
req_419,req_2,Gerbilliscus sp.,01/07/2016,Mbuyuni 1,Tanzania,,site,-7.5100000,36.5000000,4,,,,,,
req_420,req_2,Rattus rattus,01/07/2016,Mbuyuni 1,Tanzania,,site,-7.5100000,36.5000000,2,,,,,,
req_421,req_2,Gerbilliscus vicinus,01/07/2016,Mbuyuni 2,Tanzania,,site,-7.5000000,36.5000000,1,,,,,,
req_422,req_2,Gerbilliscus sp.,01/07/2016,Mbuyuni 2,Tanzania,,site,-7.5000000,36.5000000,2,,,,,,
req_423,req_2,Acomys wilsoni,01/06/2016,Meriongima,Tanzania,,site,-5.3400000,37.0000000,5,,,,,,
req_424,req_2,Aethomys chrysophilus,01/06/2016,Meriongima,Tanzania,,site,-5.3400000,37.0000000,7,,,,,,
req_425,req_2,Gerbilliscus vicinus,01/06/2016,Meriongima,Tanzania,,site,-5.3400000,37.0000000,3,,,,,,
req_426,req_2,Zelotomys hildegardeae,01/06/2016,Meriongima,Tanzania,,site,-5.3400000,37.0000000,1,,,,,,
req_427,req_2,Aethomys chrysophilus,01/07/2019,Meshugi,Tanzania,,site,-6.0500000,36.9000000,6,,,,,,
req_428,req_2,Gerbilliscus vicinus,01/07/2019,Meshugi,Tanzania,,site,-6.0500000,36.9000000,1,,,,,,
req_429,req_2,Gerbilliscus sp.,01/01/2011,Mikese 1,Tanzania,,site,-6.7500000,37.9000000,2,,,,,,
req_430,req_2,Gerbilliscus sp.,01/01/2011,Mikese 2,Tanzania,,site,-6.7600000,37.9000000,1,,,,,,
req_431,req_2,Gerbilliscus sp.,01/01/2011,Mikese 3,Tanzania,,site,-6.7800000,37.8000000,1,,,,,,
req_432,req_2,Lemniscomys striatus,01/09/2018,Milundikwa 1,Tanzania,,site,-7.7000000,31.3000000,2,,,,,,
req_433,req_2,Mastomys erythroleucus,01/09/2018,Milundikwa 1,Tanzania,,site,-7.7000000,31.3000000,2,,,,,,
req_434,req_2,Lemniscomys striatus,01/09/2018,Milundikwa 2,Tanzania,,site,-7.7000000,31.4000000,1,,,,,,
req_435,req_2,Mastomys erythroleucus,01/09/2018,Milundikwa 2,Tanzania,,site,-7.7000000,31.4000000,2,,,,,,
req_436,req_2,Acomys sp.,01/12/2009,Mkundi 1,Tanzania,,site,-6.6100000,37.6000000,1,,,,,,
req_437,req_2,Lemniscomys rosalia,01/12/2009,Mkundi 2,Tanzania,,site,-6.6200000,37.6000000,1,,,,,,
req_438,req_2,Mus minutoides,01/12/2009,Mkundi 2,Tanzania,,site,-6.6200000,37.6000000,2,,,,,,
req_439,req_2,Steatomys sp.,01/12/2009,Mkundi 2,Tanzania,,site,-6.6200000,37.6000000,1,,,,,,
req_440,req_2,Steatomys sp.,01/12/2009,Mkundi 3,Tanzania,,site,-6.6300000,37.6000000,1,,,,,,
req_441,req_2,Aethomys kaiseri,01/06/2015,Monduli,Tanzania,,site,-3.3300000,36.5000000,1,,,,,,
req_442,req_2,Lemniscomys striatus,01/06/2015,Monduli,Tanzania,,site,-3.3300000,36.5000000,2,,,,,,
req_443,req_2,Saccostomus umbriventer,01/06/2015,Monduli,Tanzania,,site,-3.3300000,36.5000000,4,,,,,,
req_444,req_2,Lemniscomys rosalia,01/11/2009,Morogoro 1,Tanzania,,site,-6.8400000,37.7000000,3,,,,,,
req_445,req_2,Mus minutoides,01/11/2009,Morogoro 1,Tanzania,,site,-6.8400000,37.7000000,2,,,,,,
req_446,req_2,Mus minutoides,01/12/2009,Morogoro 1,Tanzania,,site,-6.8500000,37.7000000,1,,,,,,
req_447,req_2,Lemniscomys rosalia,01/12/2009,Morogoro 2,Tanzania,,site,-6.7800000,37.7000000,1,,,,,,
req_448,req_2,Mus minutoides,01/12/2009,Morogoro 2,Tanzania,,site,-6.7800000,37.7000000,6,,,,,,
req_449,req_2,Aethomys chrysophilus,01/11/2018,Mpui,Tanzania,,site,-8.3600000,31.9000000,1,,,,,,
req_450,req_2,Crocidura olivieri,01/11/2018,Mpui,Tanzania,,site,-8.3600000,31.9000000,1,,,,,,
req_451,req_2,Mus triton,01/11/2018,Mpui,Tanzania,,site,-8.3600000,31.9000000,3,,,,,,
req_452,req_2,Otomys sp.,01/11/2018,Mpui,Tanzania,,site,-8.3600000,31.9000000,1,,,,,,
req_453,req_2,Gerbilliscus vicinus,01/07/2016,Msasa,Tanzania,,site,-5.5000000,38.1000000,1,,,,,,
req_454,req_2,Grammomys surdaster,01/07/2016,Msasa,Tanzania,,site,-5.5000000,38.1000000,1,,,,,,
req_455,req_2,Lemniscomys rosalia,01/07/2016,Msasa,Tanzania,,site,-5.5000000,38.1000000,1,,,,,,
req_456,req_2,Gerbilliscus leucogaster,01/10/2018,Msila 1,Tanzania,,site,-7.4300000,31.5000000,1,,,,,,
req_457,req_2,Gerbilliscus taborae,01/10/2018,Msila 1,Tanzania,,site,-7.4300000,31.5000000,1,,,,,,
req_458,req_2,Lemniscomys striatus,01/10/2018,Msila 1,Tanzania,,site,-7.4300000,31.5000000,1,,,,,,
req_459,req_2,Gerbilliscus taborae,01/10/2018,Msila 2,Tanzania,,site,-7.4400000,31.5000000,1,,,,,,
req_460,req_2,Lemniscomys rosalia,01/07/2016,Msimba (Idege),Tanzania,,site,-7.0100000,37.0000000,2,,,,,,
req_461,req_2,Mus minutoides,01/09/2018,Msimbwe,Tanzania,,site,-9.7500000,34.5000000,3,,,,,,
req_462,req_2,Acomys wilsoni,01/07/2016,Mswaki 1,Tanzania,,site,-5.4600000,37.8000000,2,,,,,,
req_463,req_2,Gerbilliscus vicinus,01/07/2016,Mswaki 1,Tanzania,,site,-5.4600000,37.8000000,3,,,,,,
req_464,req_2,Lemniscomys rosalia,01/07/2016,Mswaki 1,Tanzania,,site,-5.4600000,37.8000000,1,,,,,,
req_465,req_2,Mus minutoides,01/07/2016,Mswaki 1,Tanzania,,site,-5.4600000,37.8000000,1,,,,,,
req_466,req_2,Acomys ngurui,01/07/2016,Mswaki 2,Tanzania,,site,-5.4700000,37.8000000,3,,,,,,
req_467,req_2,Acomys wilsoni,01/07/2016,Mswaki 2,Tanzania,,site,-5.4700000,37.8000000,1,,,,,,
req_468,req_2,Gerbilliscus vicinus,01/07/2016,Mswaki 2,Tanzania,,site,-5.4700000,37.8000000,1,,,,,,
req_469,req_2,Lemniscomys rosalia,01/07/2016,Mswaki 2,Tanzania,,site,-5.4700000,37.8000000,1,,,,,,
req_470,req_2,Mastomys erythroleucus,01/06/2016,Mtanana,Tanzania,,site,-6.0800000,36.6000000,1,,,,,,
req_471,req_2,Gerbillus pusillus,01/06/2016,Mtumbatu,Tanzania,,site,-6.1400000,37.0000000,3,,,,,,
req_472,req_2,Acomys ngurui,01/06/2015,Musilibuha,Tanzania,,site,-6.3900000,37.0000000,2,,,,,,
req_473,req_2,Crocidura sp.,01/11/2018,Muze,Tanzania,,site,-7.6700000,31.6000000,1,,,,,,
req_474,req_2,Acomys wilsoni,01/07/2016,Ndelema,Tanzania,,site,-5.4300000,38.0000000,5,,,,,,
req_475,req_2,Gerbilliscus vicinus,01/07/2016,Ndelema,Tanzania,,site,-5.4300000,38.0000000,1,,,,,,
req_476,req_2,Lemniscomys rosalia,01/07/2016,Ndelema,Tanzania,,site,-5.4300000,38.0000000,1,,,,,,
req_477,req_2,Acomys muzei,01/06/2015,Ngana,Tanzania,,site,-9.5900000,33.7000000,3,,,,,,
req_478,req_2,Crocidura hirta,01/06/2015,Ngana,Tanzania,,site,-9.5900000,33.7000000,2,,,,,,
req_479,req_2,Crocidura sp.,01/06/2015,Ngana,Tanzania,,site,-9.5900000,33.7000000,6,,,,,,
req_480,req_2,Mus minutoides,01/06/2015,Ngana,Tanzania,,site,-9.5900000,33.7000000,2,,,,,,
req_481,req_2,Saccostomus campestris,01/06/2015,Ngana,Tanzania,,site,-9.5900000,33.7000000,2,,,,,,
req_482,req_2,Aethomys chrysophilus,01/07/2019,Nguyami,Tanzania,,site,-6.0800000,37.0000000,8,,,,,,
req_483,req_2,Grammomys macmillani,01/07/2019,Nguyami,Tanzania,,site,-6.0800000,37.0000000,1,,,,,,
req_484,req_2,Lemniscomys striatus,01/10/2018,Nikwilo,Tanzania,,site,-7.5800000,31.5000000,2,,,,,,
req_485,req_2,Pelomys fallax,01/10/2018,Nikwilo,Tanzania,,site,-7.5800000,31.5000000,1,,,,,,
req_486,req_2,Dasymys incomtus,01/08/2019,Nkundi,Tanzania,,site,-7.8600000,31.5000000,2,,,,,,
req_487,req_2,Mus triton,01/08/2019,Nkundi,Tanzania,,site,-7.8600000,31.5000000,2,,,,,,
req_488,req_2,Gerbilliscus taborae,01/09/2018,Ntendo,Tanzania,,site,-7.8900000,31.5000000,2,,,,,,
req_489,req_2,Mus triton,01/09/2018,Ntendo,Tanzania,,site,-7.8900000,31.5000000,2,,,,,,
req_490,req_2,Beamys hindei,01/06/2015,Nundu,Tanzania,,site,-9.4200000,34.9000000,1,,,,,,
req_491,req_2,Grammomys surdaster,01/06/2015,Nundu,Tanzania,,site,-9.4200000,34.9000000,3,,,,,,
req_492,req_2,Hylomyscus arcimontensis,01/06/2015,Nundu,Tanzania,,site,-9.4200000,34.9000000,4,,,,,,
req_493,req_2,Lophuromys machangui,01/06/2015,Nundu,Tanzania,,site,-9.4200000,34.9000000,6,,,,,,
req_494,req_2,Montemys delectorum,01/06/2015,Nundu,Tanzania,,site,-9.4200000,34.9000000,14,,,,,,
req_495,req_2,Mus minutoides,01/06/2015,Nundu,Tanzania,,site,-9.4200000,34.9000000,1,,,,,,
req_496,req_2,Mus triton,01/06/2015,Nundu,Tanzania,,site,-9.4200000,34.9000000,14,,,,,,
req_497,req_2,Rhabdomys dilectus,01/06/2015,Nundu,Tanzania,,site,-9.4200000,34.9000000,4,,,,,,
req_498,req_2,Aethomys kaiseri,01/10/2018,Paramawe,Tanzania,,site,-7.2900000,31.1000000,1,,,,,,
req_499,req_2,Lemniscomys striatus,01/10/2018,Paramawe,Tanzania,,site,-7.2900000,31.1000000,1,,,,,,
req_500,req_2,Lemniscomys striatus,01/10/2018,Paramawe,Tanzania,,site,-7.2900000,31.1000000,1,,,,,,
req_501,req_2,Acomys ngurui,01/07/2016,Picha Ya Ndege,Tanzania,,site,-5.6800000,38.2000000,3,,,,,,
req_502,req_2,Aethomys kaiseri,01/06/2015,Pida,Tanzania,,site,-1.8300000,33.8000000,1,,,,,,
req_503,req_2,Gerbilliscus vicinus,01/06/2015,Pida,Tanzania,,site,-1.8300000,33.8000000,2,,,,,,
req_504,req_2,Acomys wilsoni,01/06/2015,Rombo 1,Tanzania,,site,-3.1900000,37.7000000,15,,,,,,
req_505,req_2,Gerbilliscus vicinus,01/06/2015,Rombo 1,Tanzania,,site,-3.1900000,37.7000000,3,,,,,,
req_506,req_2,Grammomys surdaster,01/06/2015,Rombo 1,Tanzania,,site,-3.1900000,37.7000000,1,,,,,,
req_507,req_2,Aethomys kaiseri,01/06/2015,Rombo 2,Tanzania,,site,-3.1900000,37.6000000,5,,,,,,
req_508,req_2,Gerbilliscus vicinus,01/06/2015,Rombo 2,Tanzania,,site,-3.1900000,37.6000000,2,,,,,,
req_509,req_2,Mus minutoides,01/06/2015,Rombo 2,Tanzania,,site,-3.1900000,37.6000000,1,,,,,,
req_510,req_2,Acomys ngurui,01/07/2016,Ruaha River East,Tanzania,,site,-7.5800000,36.8000000,2,,,,,,
req_511,req_2,Grammomys surdaster,01/07/2016,Ruaha River East,Tanzania,,site,-7.5800000,36.8000000,1,,,,,,
req_512,req_2,Aethomys chrysophilus,01/07/2019,Rubeho,Tanzania,,site,-6.2600000,36.9000000,2,,,,,,
req_513,req_2,Gerbilliscus vicinus,01/07/2019,Rubeho,Tanzania,,site,-6.2600000,36.9000000,1,,,,,,
req_514,req_2,Lemniscomys zebra,01/07/2019,Rubeho,Tanzania,,site,-6.2600000,36.9000000,1,,,,,,
req_515,req_2,Gerbilliscus vicinus,01/08/2008,Shinyanga-Lubaga,Tanzania,,site,-3.6400000,33.4000000,2,,,,,,
req_516,req_2,Acomys wilsoni,01/07/2016,Sindeni,Tanzania,,site,-5.3500000,38.2000000,8,,,,,,
req_517,req_2,Gerbilliscus vicinus,01/07/2016,Sindeni,Tanzania,,site,-5.3500000,38.2000000,1,,,,,,
req_518,req_2,Aethomys chrysophilus,01/08/2019,Sitalike,Tanzania,,site,-6.6100000,31.1000000,1,,,,,,
req_519,req_2,Gerbilliscus leucogaster,01/08/2019,Sitalike,Tanzania,,site,-6.6100000,31.1000000,3,,,,,,
req_520,req_2,Aethomys chrysophilus,01/06/2016,Songe,Tanzania,,site,-5.5500000,37.3000000,1,,,,,,
req_521,req_2,Gerbilliscus vicinus,01/06/2016,Songe,Tanzania,,site,-5.5500000,37.3000000,1,,,,,,
req_522,req_2,Rattus rattus,01/06/2016,Songe,Tanzania,,site,-5.5500000,37.3000000,4,,,,,,
req_523,req_2,Gerbilliscus vicinus,01/06/2016,Songe,Tanzania,,site,-5.5500000,37.3000000,1,,,,,,
req_524,req_2,Rhabdomys dilectus,01/09/2018,Tandala 1,Tanzania,,site,-9.3800000,34.2000000,1,,,,,,
req_525,req_2,Lophuromys machangui,01/09/2018,Tandala 1,Tanzania,,site,-9.3800000,34.2000000,1,,,,,,
req_526,req_2,Crocidura montis,01/09/2018,Tandala 2,Tanzania,,site,-9.3900000,34.2000000,1,,,,,,
req_527,req_2,Lophuromys machangui,01/09/2018,Tandala 2,Tanzania,,site,-9.3900000,34.2000000,2,,,,,,
req_528,req_2,Mus triton,01/09/2018,Tandala 2,Tanzania,,site,-9.3900000,34.2000000,8,,,,,,
req_529,req_2,Mus triton,01/09/2018,Tandala 2,Tanzania,,site,-9.3900000,34.2000000,9,,,,,,
req_530,req_2,Acomys wilsoni,01/06/2015,Tanga,Tanzania,,site,-5.0700000,39.1000000,1,,,,,,
req_531,req_2,Gerbilliscus sp.,01/01/2011,Ubena,Tanzania,,site,-6.6500000,38.2000000,2,,,,,,
req_532,req_2,Grammomys surdaster,01/09/2018,Ukange 1,Tanzania,,site,-9.6000000,34.4000000,2,,,,,,
req_533,req_2,Lophuromys machangui,01/09/2018,Ukange 1,Tanzania,,site,-9.6000000,34.4000000,2,,,,,,
req_534,req_2,Montemys delectorum,01/09/2018,Ukange 1,Tanzania,,site,-9.6000000,34.4000000,1,,,,,,
req_535,req_2,Mus triton,01/09/2018,Ukange 1,Tanzania,,site,-9.6000000,34.4000000,2,,,,,,
req_536,req_2,Crocidura montis,01/09/2018,Ukange 2,Tanzania,,site,-9.6100000,34.4000000,1,,,,,,
req_537,req_2,Gerbilliscus taborae,01/08/2019,Utinta 1,Tanzania,,site,-7.1300000,30.5000000,1,,,,,,
req_538,req_2,Mastomys erythroleucus,01/08/2019,Utinta 1,Tanzania,,site,-7.1300000,30.5000000,1,,,,,,
req_539,req_2,Gerbilliscus taborae,01/08/2019,Utinta 2,Tanzania,,site,-7.1400000,30.5000000,3,,,,,,
req_540,req_2,Lemniscomys striatus,01/10/2018,Uzia,Tanzania,,site,-7.7200000,31.6000000,1,,,,,,
req_541,req_3,Oligoryzomys flavescens,01/06/2022,A,Argentina,,site,-27.8588130,-56.8880800,3,150,,,,,
req_542,req_3,Oxymycterus rufus,01/06/2022,A,Argentina,,site,-27.8588130,-56.8880800,2,105,,,,,
req_543,req_3,Oligoryzomys flavescens,01/06/2022,B,Argentina,,site,-27.8703750,-56.8802686,26,308,,,,,
req_544,req_3,Oxymycterus rufus,01/06/2022,B,Argentina,,site,-27.8703750,-56.8802686,13,308,,,,,
req_545,req_3,Oligoryzomys flavescens,01/06/2022,C,Argentina,,site,-27.8655220,-56.8768610,0,126,,,,,
req_546,req_3,Oxymycterus rufus,01/06/2022,C,Argentina,,site,-27.8655220,-56.8768610,0,126,,,,,
req_547,req_3,Oligoryzomys flavescens,01/06/2022,D,Argentina,,site,-27.8659200,-56.8786690,0,36,,,,,
req_548,req_3,Oxymycterus rufus,01/06/2022,D,Argentina,,site,-27.8659200,-56.8786690,0,36,,,,,
req_549,req_3,Oligoryzomys flavescens,01/06/2022,E,Argentina,,site,-27.8735910,-56.8622710,0,24,,,,,
req_550,req_3,Oxymycterus rufus,01/06/2022,E,Argentina,,site,-27.8735910,-56.8622710,7,24,,,,,
req_551,req_4,Mus mattheyi,2013-08-07/2013-08-08,Zanakpokaha,Ivory Coast,,,9.3770320,-5.6311620,1,,,,,female,
req_552,req_4,Mus mattheyi,2013-08-07/2013-08-08,Zanakpokaha,Ivory Coast,,,9.3770320,-5.6311620,1,,,,,male,
req_553,req_4,Mastomys natalensis,2013-08-07/2013-08-08,Zanakpokaha,Ivory Coast,,,9.3770320,-5.6311620,1,,,,,male,
req_554,req_4,Mastomys natalensis,2013-08-07/2013-08-08,Zanakpokaha,Ivory Coast,,,9.3770320,-5.6311620,1,,,,,male,
req_555,req_4,Mastomys natalensis,2013-08-07/2013-08-08,Zanakpokaha,Ivory Coast,,,9.3770320,-5.6311620,1,,,,,male,
req_556,req_4,Mastomys natalensis,2013-08-07/2013-08-08,Zanakpokaha,Ivory Coast,,,9.3770320,-5.6311620,1,,,,,female,
req_557,req_4,Mastomys natalensis,2013-08-07/2013-08-08,Zanakpokaha,Ivory Coast,,,9.3770320,-5.6311620,1,,,,,male,
req_558,req_4,Mastomys natalensis,2013-08-08/2013-08-09,Zanakpokaha,Ivory Coast,,,9.3770320,-5.6311620,1,,,,,male,
req_559,req_4,Mastomys natalensis,2013-08-08/2013-08-09,Zanakpokaha,Ivory Coast,,,9.3770320,-5.6311620,1,,,,,male,
req_560,req_4,Mastomys natalensis,2013-08-08/2013-08-09,Zanakpokaha,Ivory Coast,,,9.3770320,-5.6311620,1,,,,,,Juvenil
req_561,req_4,Mastomys natalensis,2013-08-08/2013-08-09,Zanakpokaha,Ivory Coast,,,9.3770320,-5.6311620,1,,,,,male,Juvenil
req_562,req_4,Mastomys natalensis,2013-08-08/2013-08-09,Zanakpokaha,Ivory Coast,,,9.3770320,-5.6311620,1,,,,,male,
req_563,req_4,Mastomys natalensis,2013-08-08/2013-08-09,Zanakpokaha,Ivory Coast,,,9.3770320,-5.6311620,1,,,,,female,Juvenil
req_564,req_4,Mastomys natalensis,2013-08-08/2013-08-09,Zanakpokaha,Ivory Coast,,,9.3770320,-5.6311620,1,,,,,male,
req_565,req_4,Taterillus gracilis,2013-08-08/2013-08-09,Zanakpokaha,Ivory Coast,,,9.3770320,-5.6311620,1,,,,,male,
req_566,req_4,Praomys rostratus,2013-08-11/2013-08-12,Fodonzologo,Ivory Coast,,,9.3583470,-5.6812730,1,,,,,male,
req_567,req_4,Praomys rostratus,2013-08-11/2013-08-12,Fodonzologo,Ivory Coast,,,9.3578380,-5.6807410,1,,,,,male,
req_568,req_4,Mastomys natalensis,2013-08-11/2013-08-12,Fodonzologo,Ivory Coast,,,9.3564430,-5.6825470,1,,,,,female,
req_569,req_4,Mastomys natalensis,2013-08-11/2013-08-12,Fodonzologo,Ivory Coast,,,9.3568490,-5.6825160,1,,,,,female,
req_570,req_4,Mastomys natalensis,2013-08-11/2013-08-12,Fodonzologo,Ivory Coast,,,9.3561870,-5.6817010,1,,,,,male,
req_571,req_4,Mastomys natalensis,2013-08-11/2013-08-12,Fodonzologo,Ivory Coast,,,9.3560550,-5.6812510,1,,,,,male,
req_572,req_4,Mastomys natalensis,2013-08-11/2013-08-12,Fodonzologo,Ivory Coast,,,9.3561110,-5.6816780,1,,,,,male,
req_573,req_4,Praomys rostratus,2013-08-12/2013-08-13,Fodonzologo,Ivory Coast,,,9.3583470,-5.6812730,1,,,,,male,
req_574,req_4,Praomys rostratus,2013-08-12/2013-08-13,Fodonzologo,Ivory Coast,,,9.3583920,-5.6813180,1,,,,,male,
req_575,req_4,Lemniscomys zebra,2013-08-12/2013-08-13,Fodonzologo,Ivory Coast,,,9.3574750,-5.6810080,1,,,,,female,
req_576,req_4,Mastomys natalensis,2013-08-12/2013-08-13,Fodonzologo,Ivory Coast,,,9.3561580,-5.6817250,1,,,,,male,Juvenil
req_577,req_4,Mastomys natalensis,2013-08-12/2013-08-13,Fodonzologo,Ivory Coast,,,9.3569690,-5.6823410,1,,,,,female,
req_578,req_4,Mastomys natalensis,2013-08-12/2013-08-13,Fodonzologo,Ivory Coast,,,9.3565750,-5.6824580,1,,,,,male,
req_579,req_4,Mastomys natalensis,2013-08-13/2013-08-14,Fodonzologo,Ivory Coast,,,9.3565750,-5.6824580,1,,,,,male,
req_580,req_4,Mastomys natalensis,2013-08-13/2013-08-14,Fodonzologo,Ivory Coast,,,9.3563430,-5.6823640,1,,,,,female,
req_581,req_4,Mastomys natalensis,2013-08-15/2013-08-16,Dokaha,Ivory Coast,,,9.4151750,-5.6542770,1,,,,,male,Juvenil
req_582,req_4,Mastomys natalensis,2013-08-15/2013-08-16,Dokaha,Ivory Coast,,,9.4151750,-5.6542770,1,,,,,male,
req_583,req_4,Mastomys natalensis,2013-08-15/2013-08-16,Dokaha,Ivory Coast,,,9.4150650,-5.6541640,1,,,,,male,Juvenil
req_584,req_4,Mastomys natalensis,2013-08-15/2013-08-16,Dokaha,Ivory Coast,,,9.4147930,-5.6546180,1,,,,,female,
req_585,req_4,Mastomys natalensis,2013-08-15/2013-08-16,Dokaha,Ivory Coast,,,9.4145730,-5.6546080,1,,,,,male,
req_586,req_4,Mastomys natalensis,2013-08-15/2013-08-16,Dokaha,Ivory Coast,,,9.4145970,-5.6546300,1,,,,,female,
req_587,req_4,Mastomys natalensis,2013-08-15/2013-08-16,Dokaha,Ivory Coast,,,9.4145970,-5.6546300,1,,,,,female,
req_588,req_4,Mastomys natalensis,2013-08-15/2013-08-16,Dokaha,Ivory Coast,,,9.4145970,-5.6546300,1,,,,,male,
req_589,req_4,Mus minutoides,2013-08-16/2013-08-17,Dokaha,Ivory Coast,,,9.4196390,-5.6522290,1,,,,,female,
req_590,req_4,Mastomys natalensis,2013-08-16/2013-08-17,Dokaha,Ivory Coast,,,9.4145730,-5.6546080,1,,,,,male,
req_591,req_4,Mastomys natalensis,2013-08-16/2013-08-17,Dokaha,Ivory Coast,,,9.4145040,-5.6547340,1,,,,,female,
req_592,req_4,Mastomys natalensis,2013-08-16/2013-08-17,Dokaha,Ivory Coast,,,9.4151750,-5.6542770,1,,,,,female,Juvenil
req_593,req_4,Mastomys natalensis,2013-08-16/2013-08-17,Dokaha,Ivory Coast,,,9.4150650,-5.6541640,1,,,,,male,Juvenil
req_594,req_4,Mastomys natalensis,2013-08-16/2013-08-17,Dokaha,Ivory Coast,,,9.4143150,-5.6550320,1,,,,,male,Juvenil
req_595,req_4,Mastomys natalensis,2013-08-19/2013-08-20,Gbalôhô,Ivory Coast,,,9.4936720,-5.7029630,1,,,,,male,
req_596,req_4,Mastomys natalensis,2013-08-19/2013-08-20,Gbalôhô,Ivory Coast,,,9.4938960,-5.7037150,1,,,,,male,
req_597,req_4,Mastomys natalensis,2013-08-19/2013-08-20,Gbalôhô,Ivory Coast,,,9.4935390,-5.7030030,1,,,,,male,Juvenil
req_598,req_4,Mastomys natalensis,2013-08-19/2013-08-20,Gbalôhô,Ivory Coast,,,9.4935390,-5.7030030,1,,,,,male,Juvenil
req_599,req_4,Mastomys natalensis,2013-08-19/2013-08-20,Gbalôhô,Ivory Coast,,,9.4936440,-5.7029910,1,,,,,male,Juvenil
req_600,req_4,Mastomys natalensis,2013-08-19/2013-08-20,Gbalôhô,Ivory Coast,,,9.4937290,-5.7036920,1,,,,,,Juvenil
req_601,req_4,Mastomys natalensis,2013-08-19/2013-08-20,Gbalôhô,Ivory Coast,,,9.4943230,-5.7048740,1,,,,,male,Juvenil
req_602,req_4,Mastomys natalensis,2013-08-19/2013-08-20,Gbalôhô,Ivory Coast,,,9.4943740,-5.7047180,1,,,,,female,
req_603,req_4,Mastomys natalensis,2013-08-20/2013-08-21,Gbalôhô,Ivory Coast,,,9.4937290,-5.7036920,1,,,,,male,
req_604,req_4,Mastomys natalensis,2013-08-20/2013-08-21,Gbalôhô,Ivory Coast,,,9.4935490,-5.7036720,1,,,,,male,
req_605,req_4,Taterillus gracilis,2013-08-20/2013-08-21,Gbalôhô,Ivory Coast,,,9.4927220,-5.7035530,1,,,,,male,
req_606,req_4,Mastomys natalensis,2013-08-21/2013-08-22,Gbalôhô,Ivory Coast,,,9.4943230,-5.7048740,1,,,,,male,Juvenil
req_607,req_4,Mastomys natalensis,2013-08-21/2013-08-22,Gbalôhô,Ivory Coast,,,9.4937230,-5.7033070,1,,,,,female,
req_608,req_4,Mastomys natalensis,2013-08-21/2013-08-22,Gbalôhô,Ivory Coast,,,9.4935490,-5.7036720,1,,,,,male,
req_609,req_4,Mastomys natalensis,2013-08-21/2013-08-22,Gbalôhô,Ivory Coast,,,9.4936070,-5.7038580,1,,,,,male,
req_610,req_4,Mastomys natalensis,2013-08-21/2013-08-22,Gbalôhô,Ivory Coast,,,9.4937290,-5.7036920,1,,,,,male,Subadult
req_611,req_4,Mastomys natalensis,2013-08-21/2013-08-22,Gbalôhô,Ivory Coast,,,9.4938960,-5.7037150,1,,,,,,Juvenil
req_612,req_4,Mastomys natalensis,2013-08-21/2013-08-22,Gbalôhô,Ivory Coast,,,9.4945530,-5.7047470,1,,,,,male,
req_613,req_4,Mastomys natalensis,2013-08-23/2013-08-24,Klokakaha,Ivory Coast,,,9.4660450,-5.5745530,1,,,,,female,
req_614,req_4,Mastomys natalensis,2013-08-23/2013-08-24,Klokakaha,Ivory Coast,,,9.4660470,-5.5743870,1,,,,,,Juvenil
req_615,req_4,Mastomys natalensis,2013-08-23/2013-08-24,Klokakaha,Ivory Coast,,,9.4660450,-5.5745530,1,,,,,male,
req_616,req_4,Mastomys natalensis,2013-08-23/2013-08-24,Klokakaha,Ivory Coast,,,9.4650670,-5.5747390,1,,,,,male,
req_617,req_4,Mastomys natalensis,2013-08-23/2013-08-24,Klokakaha,Ivory Coast,,,9.4650670,-5.5747390,1,,,,,female,
req_618,req_4,Mastomys natalensis,2013-08-23/2013-08-24,Klokakaha,Ivory Coast,,,9.4669350,-5.5741140,1,,,,,female,
req_619,req_4,Mastomys natalensis,2013-08-23/2013-08-24,Klokakaha,Ivory Coast,,,9.4669350,-5.5741140,1,,,,,male,
req_620,req_4,Mastomys natalensis,2013-08-24/2013-08-25,Klokakaha,Ivory Coast,,,9.4658030,-5.5742790,1,,,,,female,
req_621,req_4,Mastomys natalensis,2013-08-24/2013-08-25,Klokakaha,Ivory Coast,,,9.4656570,-5.5744690,1,,,,,female,
req_622,req_4,Mastomys natalensis,2013-08-24/2013-08-25,Klokakaha,Ivory Coast,,,9.4656570,-5.5744690,1,,,,,female,
req_623,req_4,Mastomys natalensis,2013-08-24/2013-08-25,Klokakaha,Ivory Coast,,,9.4654840,-5.5746500,1,,,,,male,
req_624,req_4,Mastomys natalensis,2013-08-24/2013-08-25,Klokakaha,Ivory Coast,,,9.4650670,-5.5747390,1,,,,,female,
req_625,req_4,Mastomys natalensis,2013-08-24/2013-08-25,Klokakaha,Ivory Coast,,,9.4666450,-5.5741290,1,,,,,female,
req_626,req_4,Mastomys natalensis,2013-08-24/2013-08-25,Klokakaha,Ivory Coast,,,9.4669350,-5.5741140,1,,,,,male,
req_627,req_4,Mus setulosus,2013-08-29/2013-08-30,Kanankro,Ivory Coast,,,7.7407470,-4.9821920,1,,,,,male,
req_628,req_4,Mus setulosus,2013-08-29/2013-08-30,Kanankro,Ivory Coast,,,7.7411670,-4.9819830,1,,,,,male,
req_629,req_4,Mastomys natalensis,2013-08-29/2013-08-30,Kanankro,Ivory Coast,,,7.7400760,-4.9831290,1,,,,,female,
req_630,req_4,Mastomys natalensis,2013-08-29/2013-08-30,Kanankro,Ivory Coast,,,7.7400360,-4.9830280,1,,,,,female,
req_631,req_4,Mastomys natalensis,2013-08-29/2013-08-30,Kanankro,Ivory Coast,,,7.7400360,-4.9830280,1,,,,,male,
req_632,req_4,Mastomys natalensis,2013-08-29/2013-08-30,Kanankro,Ivory Coast,,,7.7399910,-4.9833130,1,,,,,female,
req_633,req_4,Mastomys natalensis,2013-08-29/2013-08-30,Kanankro,Ivory Coast,,,7.7399340,-4.9833440,1,,,,,male,
req_634,req_4,Mastomys natalensis,2013-08-29/2013-08-30,Kanankro,Ivory Coast,,,7.7398900,-4.9833650,1,,,,,male,
req_635,req_4,Mastomys natalensis,2013-08-29/2013-08-30,Kanankro,Ivory Coast,,,7.7397910,-4.9832260,1,,,,,male,
req_636,req_4,Mastomys natalensis,2013-08-30/2013-08-31,Kanankro,Ivory Coast,,,7.7399910,-4.9830090,1,,,,,female,
req_637,req_4,Mastomys natalensis,2013-08-30/2013-08-31,Kanankro,Ivory Coast,,,7.7398900,-4.9833650,1,,,,,male,
req_638,req_4,Mastomys natalensis,2013-08-30/2013-08-31,Kanankro,Ivory Coast,,,7.7397960,-4.9832590,1,,,,,male,
req_639,req_4,Mastomys natalensis,2013-08-30/2013-08-31,Kanankro,Ivory Coast,,,7.7397830,-4.9833170,1,,,,,male,
req_640,req_4,Mus setulosus,2013-09-02/2013-09-03,Kongodekro,Ivory Coast,,,7.6207470,-5.0390060,1,,,,,male,
req_641,req_4,Mus setulosus,2013-09-02/2013-09-03,Kongodekro,Ivory Coast,,,7.6207760,-5.0389900,1,,,,,male,
req_642,req_4,Mus setulosus,2013-09-02/2013-09-03,Kongodekro,Ivory Coast,,,7.6212120,-5.0390030,1,,,,,male,
req_643,req_4,Mus setulosus,2013-09-02/2013-09-03,Kongodekro,Ivory Coast,,,7.6212770,-5.0389820,1,,,,,female,
req_644,req_4,Mus minutoides,2013-09-02/2013-09-03,Kongodekro,Ivory Coast,,,7.6214140,-5.0397570,1,,,,,male,
req_645,req_4,Mus setulosus,2013-09-02/2013-09-03,Kongodekro,Ivory Coast,,,7.6214220,-5.0399530,1,,,,,male,
req_646,req_4,Mastomys natalensis,2013-09-02/2013-09-03,Kongodekro,Ivory Coast,,,7.6208730,-5.0369020,1,,,,,female,
req_647,req_4,Mastomys natalensis,2013-09-02/2013-09-03,Kongodekro,Ivory Coast,,,7.6213840,-5.0369930,1,,,,,female,
req_648,req_4,Mastomys natalensis,2013-09-02/2013-09-03,Kongodekro,Ivory Coast,,,7.6216930,-5.0368000,1,,,,,male,
req_649,req_4,Rattus rattus,2013-09-02/2013-09-03,Kongodekro,Ivory Coast,,,7.6215950,-5.0371330,1,,,,,male,
req_650,req_4,Mastomys natalensis,2013-09-02/2013-09-03,Kongodekro,Ivory Coast,,,7.6215950,-5.0371330,1,,,,,male,
req_651,req_4,Mastomys natalensis,2013-09-02/2013-09-03,Kongodekro,Ivory Coast,,,7.6215950,-5.0371330,1,,,,,female,
req_652,req_4,Mus minutoides,2013-09-03/2013-09-04,Kongodekro,Ivory Coast,,,7.6212120,-5.0390030,1,,,,,male,
req_653,req_4,Mus minutoides,2013-09-03/2013-09-04,Kongodekro,Ivory Coast,,,7.6214180,-5.0398380,1,,,,,female,
req_654,req_4,Mus setulosus,2013-09-03/2013-09-04,Kongodekro,Ivory Coast,,,7.6214430,-5.0399970,1,,,,,male,
req_655,req_4,Mastomys natalensis,2013-09-03/2013-09-04,Kongodekro,Ivory Coast,,,7.6208730,-5.0369020,1,,,,,female,
req_656,req_4,Mastomys natalensis,2013-09-03/2013-09-04,Kongodekro,Ivory Coast,,,7.6208950,-5.0369730,1,,,,,female,
req_657,req_4,Mastomys natalensis,2013-09-03/2013-09-04,Kongodekro,Ivory Coast,,,7.6207270,-5.0369270,1,,,,,male,
req_658,req_4,Mastomys natalensis,2013-09-03/2013-09-04,Kongodekro,Ivory Coast,,,7.6207270,-5.0369270,1,,,,,female,Juvenil
req_659,req_4,Mastomys natalensis,2013-09-03/2013-09-04,Kongodekro,Ivory Coast,,,7.6215390,-5.0369140,1,,,,,male,
req_660,req_4,Praomys daltoni,2013-09-03/2013-09-04,Kongodekro,Ivory Coast,,,7.6214250,-5.0376240,1,,,,,male,
req_661,req_4,Mus minutoides,2013-09-09/2013-09-10,Klosrambo,Ivory Coast,,,7.6241440,-5.0313770,1,,,,,female,
req_662,req_4,Uranomys ruddi,2013-09-09/2013-09-10,Klosrambo,Ivory Coast,,,7.6242510,-5.0316980,1,,,,,male,
req_663,req_4,Uranomys ruddi,2013-09-09/2013-09-10,Klosrambo,Ivory Coast,,,7.6242250,-5.0315910,1,,,,,male,
req_664,req_4,Uranomys ruddi,2013-09-09/2013-09-10,Klosrambo,Ivory Coast,,,7.6242020,-5.0315210,1,,,,,female,
req_665,req_4,Mastomys natalensis,2013-09-09/2013-09-10,Klosrambo,Ivory Coast,,,7.6226890,-5.0309530,1,,,,,female,
req_666,req_4,Mastomys natalensis,2013-09-09/2013-09-10,Klosrambo,Ivory Coast,,,7.6229250,-5.0310610,1,,,,,female,
req_667,req_4,Mastomys natalensis,2013-09-09/2013-09-10,Klosrambo,Ivory Coast,,,7.6226890,-5.0309530,1,,,,,female,
req_668,req_4,Mastomys natalensis,2013-09-10/2013-09-11,Klosrambo,Ivory Coast,,,7.6226890,-5.0309530,1,,,,,male,Juvenil
req_669,req_4,Mastomys natalensis,2013-09-10/2013-09-11,Klosrambo,Ivory Coast,,,7.6226890,-5.0309530,1,,,,,female,Juvenil
req_670,req_4,Mastomys natalensis,2013-09-10/2013-09-11,Klosrambo,Ivory Coast,,,7.6230650,-5.0314400,1,,,,,male,
req_671,req_4,Mastomys natalensis,2013-09-10/2013-09-11,Klosrambo,Ivory Coast,,,7.6230580,-5.0309840,1,,,,,female,Juvenil
req_672,req_4,Mastomys natalensis,2013-09-10/2013-09-11,Klosrambo,Ivory Coast,,,7.6243390,-5.0306400,1,,,,,female,Juvenil
req_673,req_4,Neotoma devia,2013-09-10/2013-09-11,Klosrambo,Ivory Coast,,,7.6234680,-5.0313090,1,,,,,male,
req_674,req_4,Mastomys natalensis,2013-09-10/2013-09-11,Klosrambo,Ivory Coast,,,7.6234680,-5.0313090,1,,,,,male,
req_675,req_4,Mastomys natalensis,2013-09-10/2013-09-11,Klosrambo,Ivory Coast,,,7.6234680,-5.0313090,1,,,,,female,
req_676,req_4,Uranomys ruddi,2013-09-10/2013-09-11,Klosrambo,Ivory Coast,,,7.6234680,-5.0313090,1,,,,,female,
req_677,req_4,Mastomys natalensis,2013-09-12/2013-09-13,Kouassiblekro,Ivory Coast,,,7.6718570,-4.9468480,1,,,,,female,
req_678,req_4,Mastomys natalensis,2013-09-12/2013-09-13,Kouassiblekro,Ivory Coast,,,7.6718570,-4.9468480,1,,,,,female,
req_679,req_4,Mastomys natalensis,2013-09-12/2013-09-13,Kouassiblekro,Ivory Coast,,,7.6719600,-4.9463200,1,,,,,female,
req_680,req_4,Mastomys natalensis,2013-09-12/2013-09-13,Kouassiblekro,Ivory Coast,,,7.6719600,-4.9463200,1,,,,,male,Juvenil
req_681,req_4,Mastomys natalensis,2013-09-12/2013-09-13,Kouassiblekro,Ivory Coast,,,7.6722080,-4.9459360,1,,,,,female,
req_682,req_4,Mastomys natalensis,2013-09-12/2013-09-13,Kouassiblekro,Ivory Coast,,,7.6723040,-4.9458210,1,,,,,female,
req_683,req_4,Mastomys natalensis,2013-09-12/2013-09-13,Kouassiblekro,Ivory Coast,,,7.6722730,-4.9458190,1,,,,,male,
req_684,req_4,Mastomys natalensis,2013-09-12/2013-09-13,Kouassiblekro,Ivory Coast,,,7.6724550,-4.9458050,1,,,,,male,Juvenil
req_685,req_4,Mastomys natalensis,2013-09-12/2013-09-13,Kouassiblekro,Ivory Coast,,,7.6725430,-4.9453170,1,,,,,male,
req_686,req_4,Mastomys natalensis,2013-09-12/2013-09-13,Kouassiblekro,Ivory Coast,,,7.6729150,-4.9451170,1,,,,,male,
req_687,req_4,Mastomys natalensis,2013-09-12/2013-09-13,Kouassiblekro,Ivory Coast,,,7.6728460,-4.9451670,1,,,,,female,
req_688,req_4,Mastomys natalensis,2013-09-13/2013-09-14,Kouassiblekro,Ivory Coast,,,7.6715190,-4.9455870,1,,,,,female,
req_689,req_4,Mus mattheyi,2013-09-13/2013-09-14,Kouassiblekro,Ivory Coast,,,7.6718570,-4.9468480,1,,,,,male,
req_690,req_4,Mastomys natalensis,2013-09-13/2013-09-14,Kouassiblekro,Ivory Coast,,,7.6715190,-4.9455870,1,,,,,male,Juvenil
req_691,req_4,Mastomys natalensis,2013-09-13/2013-09-14,Kouassiblekro,Ivory Coast,,,7.6725080,-4.9453440,1,,,,,female,Juvenil
req_692,req_4,Mastomys natalensis,2013-09-13/2013-09-14,Kouassiblekro,Ivory Coast,,,7.6718570,-4.9468480,1,,,,,male,
req_693,req_4,Mastomys natalensis,2013-09-13/2013-09-14,Kouassiblekro,Ivory Coast,,,7.6720590,-4.9464120,1,,,,,male,
req_694,req_4,Mastomys natalensis,2013-09-13/2013-09-14,Kouassiblekro,Ivory Coast,,,7.6726070,-4.9451770,1,,,,,female,
req_695,req_4,Mastomys natalensis,2013-09-13/2013-09-14,Kouassiblekro,Ivory Coast,,,7.6718330,-4.9450900,1,,,,,female,
req_696,req_4,Mastomys natalensis,2013-09-16/2013-09-17,Attienkro,Ivory Coast,,,7.7321150,-5.0089190,1,,,,,female,
req_697,req_4,Mastomys natalensis,2013-09-16/2013-09-17,Attienkro,Ivory Coast,,,7.7321150,-5.0089190,1,,,,,male,
req_698,req_4,Mus minutoides,2013-09-17/2013-09-18,Attienkro,Ivory Coast,,,7.7360570,-5.0079330,1,,,,,male,
req_699,req_4,Mastomys natalensis,2013-09-17/2013-09-18,Attienkro,Ivory Coast,,,7.7320790,-5.0089510,1,,,,,male,
req_700,req_4,Mus minutoides,2013-09-18/2013-09-19,Attienkro,Ivory Coast,,,7.7351980,-5.0087850,1,,,,,male,
req_701,req_4,Mus minutoides,2013-09-18/2013-09-19,Attienkro,Ivory Coast,,,7.7349540,-5.0089150,1,,,,,female,
req_702,req_4,Mastomys natalensis,2013-09-18/2013-09-19,Attienkro,Ivory Coast,,,7.7324130,-5.0090310,1,,,,,male,
req_703,req_4,Mastomys natalensis,2013-09-18/2013-09-19,Attienkro,Ivory Coast,,,7.7323530,-5.0079890,1,,,,,female,
req_704,req_4,Mus minutoides,2013-10-10/2013-10-11,Gahably,Ivory Coast,,,5.9419200,-7.4750300,1,,,,,female,
req_705,req_4,Praomys rostratus,2013-10-10/2013-10-11,Gahably,Ivory Coast,,,5.9359900,-7.4754000,1,,,,,male,
req_706,req_4,Mus minutoides,2013-10-10/2013-10-11,Gahably,Ivory Coast,,,5.9359800,-7.4576000,1,,,,,female,
req_707,req_4,Mastomys natalensis,2013-10-10/2013-10-11,Gahably,Ivory Coast,,,5.9396700,-7.4748100,1,,,,,male,
req_708,req_4,Mastomys natalensis,2013-10-10/2013-10-11,Gahably,Ivory Coast,,,5.9400100,-7.4744200,1,,,,,male,
req_709,req_4,Rattus rattus,2013-10-10/2013-10-11,Gahably,Ivory Coast,,,5.9409550,-7.4754350,1,,,,,male,
req_710,req_4,Mastomys natalensis,2013-10-10/2013-10-11,Gahably,Ivory Coast,,,5.9396700,-7.4748100,1,,,,,female,
req_711,req_4,Praomys rostratus,2013-10-10/2013-10-11,Gahably,Ivory Coast,,,5.9400220,-7.4760030,1,,,,,male,
req_712,req_4,Praomys rostratus,2013-10-10/2013-10-11,Gahably,Ivory Coast,,,5.9397500,-7.4758100,1,,,,,female,
req_713,req_4,Mastomys natalensis,2013-10-11/2013-10-12,Gahably,Ivory Coast,,,5.9419200,-7.4750300,1,,,,,male,
req_714,req_4,Rattus rattus,2013-10-11/2013-10-12,Gahably,Ivory Coast,,,5.9404600,-7.4746900,1,,,,,female,
req_715,req_4,Praomys rostratus,2013-10-11/2013-10-12,Gahably,Ivory Coast,,,5.9403900,-7.4746700,1,,,,,male,
req_716,req_4,Mastomys natalensis,2013-10-11/2013-10-12,Gahably,Ivory Coast,,,5.9419200,-7.4750300,1,,,,,male,Juvenil
req_717,req_4,Mus minutoides,2013-10-14/2013-10-15,Gouleako 2,Ivory Coast,,,5.8308000,-7.4102500,1,,,,,female,
req_718,req_4,Rattus rattus,2013-10-14/2013-10-15,Gouleako 2,Ivory Coast,,,5.8348300,-7.4105700,1,,,,,female,Juvenil
req_719,req_4,Mastomys natalensis,2013-10-14/2013-10-15,Gouleako 2,Ivory Coast,,,5.8347300,-7.4107700,1,,,,,female,
req_720,req_4,Mastomys natalensis,2013-10-14/2013-10-15,Gouleako 2,Ivory Coast,,,5.8349000,-7.4107300,1,,,,,male,Juvenil
req_721,req_4,Mus minutoides,2013-10-14/2013-10-15,Gouleako 2,Ivory Coast,,,5.8291700,-7.4128800,1,,,,,male,
req_722,req_4,Mastomys natalensis,2013-10-14/2013-10-15,Gouleako 2,Ivory Coast,,,5.8347300,-7.4107700,1,,,,,female,
req_723,req_4,Rattus rattus,2013-10-15/2013-10-16,Gouleako 2,Ivory Coast,,,5.8338400,-7.4110600,1,,,,,female,
req_724,req_4,Mastomys natalensis,2013-10-15/2013-10-16,Gouleako 2,Ivory Coast,,,5.8349000,-7.4107300,1,,,,,male,
req_725,req_4,Rattus rattus,2013-10-15/2013-10-16,Gouleako 2,Ivory Coast,,,5.8346400,-7.4101400,1,,,,,female,
req_726,req_4,Mus minutoides,2013-10-15/2013-10-16,Gouleako 2,Ivory Coast,,,5.8290100,-7.4130900,1,,,,,female,
req_727,req_4,Praomys rostratus,2013-10-15/2013-10-16,Gouleako 2,Ivory Coast,,,5.8349000,-7.4107300,1,,,,,female,
req_728,req_4,Lophuromys sikapusi,2013-10-15/2013-10-16,Gouleako 2,Ivory Coast,,,5.8308900,-7.4102500,1,,,,,male,
req_729,req_4,Mastomys natalensis,2013-10-15/2013-10-16,Gouleako 2,Ivory Coast,,,5.8347300,-7.4107700,1,,,,,female,
req_730,req_4,Mastomys natalensis,2013-10-15/2013-10-16,Gouleako 2,Ivory Coast,,,5.8340500,-7.4098900,1,,,,,male,Juvenil
req_731,req_4,Mastomys natalensis,2013-10-15/2013-10-16,Gouleako 2,Ivory Coast,,,5.8335300,-7.4108300,1,,,,,male,
req_732,req_4,Mastomys natalensis,2013-10-15/2013-10-16,Gouleako 2,Ivory Coast,,,5.8347300,-7.4107700,1,,,,,male,
req_733,req_4,Mastomys natalensis,2013-10-15/2013-10-16,Gouleako 2,Ivory Coast,,,5.8347000,-7.4105900,1,,,,,male,Juvenil
req_734,req_4,Rattus rattus,2013-10-17/2013-10-18,Pauleoula,Ivory Coast,,,5.8211100,-7.4018500,1,,,,,female,
req_735,req_4,Mastomys natalensis,2013-10-17/2013-10-18,Pauleoula,Ivory Coast,,,5.8229100,-7.4016900,1,,,,,female,
req_736,req_4,Mastomys natalensis,2013-10-17/2013-10-18,Pauleoula,Ivory Coast,,,5.8221500,-7.4010700,1,,,,,female,
req_737,req_4,Lophuromys sikapusi,2013-10-17/2013-10-18,Pauleoula,Ivory Coast,,,5.8217800,-7.4013100,1,,,,,female,
req_738,req_4,Rattus rattus,2013-10-17/2013-10-18,Pauleoula,Ivory Coast,,,5.8208400,-7.4019700,1,,,,,male,
req_739,req_4,Mastomys natalensis,2013-10-18/2013-10-19,Pauleoula,Ivory Coast,,,5.8217800,-7.4013100,1,,,,,female,
req_740,req_4,Mastomys natalensis,2013-10-18/2013-10-19,Pauleoula,Ivory Coast,,,5.8217800,-7.4013100,1,,,,,female,
req_741,req_4,Rattus rattus,2013-10-18/2013-10-19,Pauleoula,Ivory Coast,,,5.8216700,-7.4014500,1,,,,,female,
req_742,req_4,Rattus rattus,2013-10-18/2013-10-19,Pauleoula,Ivory Coast,,,5.8216700,-7.4014500,1,,,,,male,
req_743,req_4,Mastomys natalensis,2013-10-18/2013-10-19,Pauleoula,Ivory Coast,,,5.8216700,-7.4014500,1,,,,,female,
req_744,req_4,Mastomys natalensis,2013-10-18/2013-10-19,Pauleoula,Ivory Coast,,,5.8220800,-7.4030100,1,,,,,male,Juvenil
req_745,req_4,Mastomys natalensis,2013-10-18/2013-10-19,Pauleoula,Ivory Coast,,,5.8220800,-7.4030100,1,,,,,female,Juvenil
req_746,req_4,Mastomys natalensis,2013-10-18/2013-10-19,Pauleoula,Ivory Coast,,,5.8229100,-7.4016900,1,,,,,,Juvenil
req_747,req_4,Mastomys natalensis,2013-10-18/2013-10-19,Pauleoula,Ivory Coast,,,5.8229100,-7.4016900,1,,,,,male,Juvenil
req_748,req_4,Mastomys natalensis,2013-10-21/2013-10-22,Ponan,Ivory Coast,,,5.8972300,-7.4805500,1,,,,,male,
req_749,req_4,Mastomys natalensis,2013-10-21/2013-10-22,Ponan,Ivory Coast,,,5.8977000,-7.4802900,1,,,,,female,
req_750,req_4,Mastomys natalensis,2013-10-21/2013-10-22,Ponan,Ivory Coast,,,5.8972300,-7.4805500,1,,,,,female,
req_751,req_4,Mastomys natalensis,2013-10-21/2013-10-22,Ponan,Ivory Coast,,,5.8979100,-7.4805600,1,,,,,female,
req_752,req_4,Mastomys natalensis,2013-10-21/2013-10-22,Ponan,Ivory Coast,,,5.8972300,-7.4805500,1,,,,,female,
req_753,req_4,Mastomys natalensis,2013-10-21/2013-10-22,Ponan,Ivory Coast,,,5.8962000,-7.4799400,1,,,,,female,
req_754,req_4,Mastomys natalensis,2013-10-21/2013-10-22,Ponan,Ivory Coast,,,5.8978300,-7.4800400,1,,,,,male,
req_755,req_4,Mastomys natalensis,2013-10-21/2013-10-22,Ponan,Ivory Coast,,,5.8967000,-7.4801400,1,,,,,female,
req_756,req_4,Mus minutoides,2013-10-21/2013-10-22,Ponan,Ivory Coast,,,5.8996300,-7.4828700,1,,,,,,
req_757,req_4,Mastomys natalensis,2013-10-21/2013-10-22,Ponan,Ivory Coast,,,5.8970700,-7.4793100,1,,,,,female,
req_758,req_4,Mastomys natalensis,2013-10-21/2013-10-22,Ponan,Ivory Coast,,,5.8972300,-7.4805500,1,,,,,female,
req_759,req_4,Mastomys natalensis,2013-10-21/2013-10-22,Ponan,Ivory Coast,,,5.8970700,-7.4793100,1,,,,,male,
req_760,req_4,Mastomys natalensis,2013-10-21/2013-10-22,Ponan,Ivory Coast,,,5.8967800,-7.4804300,1,,,,,male,
req_761,req_4,Mastomys natalensis,2013-10-21/2013-10-22,Ponan,Ivory Coast,,,5.8968600,-7.4803800,1,,,,,female,Juvenil
req_762,req_4,Mastomys natalensis,2013-10-21/2013-10-22,Ponan,Ivory Coast,,,5.8978500,-7.4803200,1,,,,,male,Juvenil
req_763,req_4,Mus minutoides,2013-10-21/2013-10-22,Ponan,Ivory Coast,,,5.8996000,-7.4821600,1,,,,,female,
req_764,req_4,Mus minutoides,2013-10-21/2013-10-22,Ponan,Ivory Coast,,,5.8993000,-7.4821500,1,,,,,female,
req_765,req_4,Mastomys natalensis,2013-10-22/2013-10-23,Ponan,Ivory Coast,,,5.9000300,-7.4826300,1,,,,,female,
req_766,req_4,Mastomys natalensis,2013-10-22/2013-10-23,Ponan,Ivory Coast,,,5.8974800,-7.4809100,1,,,,,female,
req_767,req_4,Mastomys natalensis,2013-10-22/2013-10-23,Ponan,Ivory Coast,,,5.8974800,-7.4809100,1,,,,,female,
req_769,req_4,Mastomys natalensis,2013-10-22/2013-10-23,Ponan,Ivory Coast,,,5.8967100,-7.4798400,1,,,,,male,
req_770,req_4,Mus minutoides,2013-10-22/2013-10-23,Ponan,Ivory Coast,,,5.8995700,-7.4830500,1,,,,,male,
req_771,req_4,Mus minutoides,2013-10-22/2013-10-23,Ponan,Ivory Coast,,,5.8995400,-7.4830300,1,,,,,female,
req_772,req_4,Mastomys natalensis,2013-10-22/2013-10-23,Ponan,Ivory Coast,,,5.8967800,-7.4804300,1,,,,,male,Juvenil
req_773,req_4,Mastomys natalensis,2013-10-22/2013-10-23,Ponan,Ivory Coast,,,5.8977200,-7.4808200,1,,,,,female,Juvenil
req_774,req_4,Mus minutoides,2013-10-22/2013-10-23,Ponan,Ivory Coast,,,5.8998400,-7.4826400,1,,,,,female,
req_775,req_4,Mus minutoides,2013-10-22/2013-10-23,Ponan,Ivory Coast,,,5.8998800,-7.4826300,1,,,,,,
req_776,req_4,Mastomys natalensis,2013-10-22/2013-10-23,Ponan,Ivory Coast,,,5.8978500,-7.4803200,1,,,,,male,Juvenil
req_777,req_4,Mus minutoides,2013-10-24/2013-10-25,Daobly,Ivory Coast,,,5.8784500,-7.4788000,1,,,,,male,
req_778,req_4,Rattus rattus,2013-10-24/2013-10-25,Daobly,Ivory Coast,,,5.8829300,-7.4771400,1,,,,,male,
req_779,req_4,Rattus rattus,2013-10-24/2013-10-25,Daobly,Ivory Coast,,,5.8829300,-7.4771400,1,,,,,female,
req_780,req_4,Rattus rattus,2013-10-24/2013-10-25,Daobly,Ivory Coast,,,5.8838400,-7.4760700,1,,,,,male,Juvenil
req_781,req_4,Praomys rostratus,2013-10-24/2013-10-25,Daobly,Ivory Coast,,,5.8824400,-7.4772300,1,,,,,male,
req_782,req_4,Mus minutoides,2013-10-24/2013-10-25,Daobly,Ivory Coast,,,5.8786200,-7.4787200,1,,,,,male,
req_783,req_4,Mastomys natalensis,2013-10-24/2013-10-25,Daobly,Ivory Coast,,,5.8832600,-7.4756700,1,,,,,male,
req_784,req_4,Mus setulosus,2013-10-24/2013-10-25,Daobly,Ivory Coast,,,5.8782600,-7.4788000,1,,,,,female,
req_785,req_4,Mastomys natalensis,2013-10-25/2013-10-26,Daobly,Ivory Coast,,,5.8830500,-7.4751800,1,,,,,female,
req_786,req_4,Mus minutoides,2013-10-25/2013-10-26,Daobly,Ivory Coast,,,5.8789000,-7.4781200,1,,,,,male,
req_787,req_4,Mastomys natalensis,2013-10-25/2013-10-26,Daobly,Ivory Coast,,,5.8826800,-7.4766200,1,,,,,female,
req_788,req_4,Mastomys natalensis,2013-10-25/2013-10-26,Daobly,Ivory Coast,,,5.8823600,-7.4768000,1,,,,,male,
req_789,req_4,Mus minutoides,2013-10-25/2013-10-26,Daobly,Ivory Coast,,,5.8786400,-7.4787100,1,,,,,female,
req_790,req_4,Rattus rattus,2013-10-25/2013-10-26,Daobly,Ivory Coast,,,5.8832700,-7.4752600,1,,,,,male,
req_791,req_5,Apodemus flavicollis,2011-05-04/2011-05-06,Pazardzhik,Bulgaria,,,42.0342400,24.3067200,11,100,,,,,
req_792,req_5,Apodemus agrarius,2011-05-04/2011-05-06,Pazardzhik,Bulgaria,,,42.0342400,24.3067200,8,100,,,,,
req_793,req_5,Apodemus sylvaticus,2011-05-04/2011-05-06,Pazardzhik,Bulgaria,,,42.0342400,24.3067200,4,100,,,,,
req_794,req_5,Apodemus flavicollis,2011-06-08/2011-06-10,Pazardzhik,Bulgaria,,,42.0342400,24.3067200,21,100,,,,,
req_795,req_5,Apodemus agrarius,2011-06-08/2011-06-10,Pazardzhik,Bulgaria,,,42.0342400,24.3067200,15,100,,,,,
req_796,req_5,Apodemus sylvaticus,2011-06-08/2011-06-10,Pazardzhik,Bulgaria,,,42.0342400,24.3067200,7,100,,,,,
req_797,req_5,Myodes glareolus,2011-06-08/2011-06-10,Pazardzhik,Bulgaria,,,42.0342400,24.3067200,1,100,,,,,
req_798,req_5,Apodemus flavicollis,2011-07-07/2011-07-09,Pazardzhik,Bulgaria,,,42.0342400,24.3067200,16,100,,,,,
req_799,req_5,Apodemus agrarius,2011-07-07/2011-07-09,Pazardzhik,Bulgaria,,,42.0342400,24.3067200,12,100,,,,,
req_800,req_5,Apodemus sylvaticus,2011-07-07/2011-07-09,Pazardzhik,Bulgaria,,,42.0342400,24.3067200,9,100,,,,,
req_801,req_5,Apodemus flavicollis,2011-08-10/2011-08-12,Pazardzhik,Bulgaria,,,42.0342400,24.3067200,18,100,,,,,
req_802,req_5,Apodemus agrarius,2011-08-10/2011-08-12,Pazardzhik,Bulgaria,,,42.0342400,24.3067200,11,100,,,,,
req_803,req_5,Apodemus sylvaticus,2011-08-10/2011-08-12,Pazardzhik,Bulgaria,,,42.0342400,24.3067200,8,100,,,,,
req_804,req_5,Myodes glareolus,2011-08-10/2011-08-12,Pazardzhik,Bulgaria,,,42.0342400,24.3067200,1,100,,,,,
req_805,req_5,Apodemus flavicollis,2011-09-07/2011-09-09,Pazardzhik,Bulgaria,,,42.0342400,24.3067200,11,100,,,,,
req_806,req_5,Apodemus agrarius,2011-09-07/2011-09-09,Pazardzhik,Bulgaria,,,42.0342400,24.3067200,8,100,,,,,
req_807,req_5,Apodemus sylvaticus,2011-09-07/2011-09-09,Pazardzhik,Bulgaria,,,42.0342400,24.3067200,4,100,,,,,
req_808,req_5,Apodemus flavicollis,2011-10-06/2011-10-08,Pazardzhik,Bulgaria,,,42.0342400,24.3067200,14,100,,,,,
req_809,req_5,Apodemus agrarius,2011-10-06/2011-10-08,Pazardzhik,Bulgaria,,,42.0342400,24.3067200,11,100,,,,,
req_810,req_5,Apodemus sylvaticus,2011-10-06/2011-10-08,Pazardzhik,Bulgaria,,,42.0342400,24.3067200,6,100,,,,,
req_811,req_5,Apodemus flavicollis,2011-11-09/2011-11-11,Pazardzhik,Bulgaria,,,42.0342400,24.3067200,10,100,,,,,
req_812,req_5,Apodemus agrarius,2011-11-09/2011-11-11,Pazardzhik,Bulgaria,,,42.0342400,24.3067200,8,100,,,,,
req_813,req_5,Apodemus sylvaticus,2011-11-09/2011-11-11,Pazardzhik,Bulgaria,,,42.0342400,24.3067200,5,100,,,,,
req_814,req_5,Apodemus flavicollis,2011-12-08/2011-12-10,Pazardzhik,Bulgaria,,,42.0342400,24.3067200,13,100,,,,,
req_815,req_5,Apodemus agrarius,2011-12-08/2011-12-10,Pazardzhik,Bulgaria,,,42.0342400,24.3067200,9,100,,,,,
req_816,req_5,Apodemus sylvaticus,2011-12-08/2011-12-10,Pazardzhik,Bulgaria,,,42.0342400,24.3067200,4,100,,,,,
req_817,req_5,Apodemus flavicollis,2012-01-05/2012-01-07,Pazardzhik,Bulgaria,,,42.0342400,24.3067200,5,100,,,,,
req_818,req_5,Apodemus agrarius,2012-01-05/2012-01-07,Pazardzhik,Bulgaria,,,42.0342400,24.3067200,3,100,,,,,
req_819,req_5,Apodemus sylvaticus,2012-01-05/2012-01-07,Pazardzhik,Bulgaria,,,42.0342400,24.3067200,2,100,,,,,
req_820,req_5,Apodemus flavicollis,2012-02-08/2012-02-10,Pazardzhik,Bulgaria,,,42.0342400,24.3067200,4,100,,,,,
req_821,req_5,Apodemus agrarius,2012-02-08/2012-02-10,Pazardzhik,Bulgaria,,,42.0342400,24.3067200,2,100,,,,,
req_822,req_5,Apodemus sylvaticus,2012-02-08/2012-02-10,Pazardzhik,Bulgaria,,,42.0342400,24.3067200,1,100,,,,,
req_823,req_5,Apodemus flavicollis,2012-03-14/2012-03-16,Pazardzhik,Bulgaria,,,42.0342400,24.3067200,5,100,,,,,
req_824,req_5,Apodemus agrarius,2012-03-14/2012-03-16,Pazardzhik,Bulgaria,,,42.0342400,24.3067200,4,100,,,,,
req_825,req_5,Apodemus flavicollis,2012-04-11/2012-04-13,Pazardzhik,Bulgaria,,,42.0342400,24.3067200,12,100,,,,,
req_826,req_5,Apodemus agrarius,2012-04-11/2012-04-13,Pazardzhik,Bulgaria,,,42.0342400,24.3067200,9,100,,,,,
req_827,req_5,Apodemus sylvaticus,2012-04-11/2012-04-13,Pazardzhik,Bulgaria,,,42.0342400,24.3067200,2,100,,,,,
req_828,req_5,Apodemus flavicollis,2011-05-04/2011-05-06,Smolyan,Bulgaria,,,41.4961500,24.6362800,4,100,,,,,
req_829,req_5,Apodemus agrarius,2011-05-04/2011-05-06,Smolyan,Bulgaria,,,41.4961500,24.6362800,2,100,,,,,
req_830,req_5,Apodemus sylvaticus,2011-05-04/2011-05-06,Smolyan,Bulgaria,,,41.4961500,24.6362800,1,100,,,,,
req_831,req_5,Apodemus flavicollis,2011-06-08/2011-06-10,Smolyan,Bulgaria,,,41.4961500,24.6362800,8,100,,,,,
req_832,req_5,Apodemus agrarius,2011-06-08/2011-06-10,Smolyan,Bulgaria,,,41.4961500,24.6362800,8,100,,,,,
req_833,req_5,Apodemus sylvaticus,2011-06-08/2011-06-10,Smolyan,Bulgaria,,,41.4961500,24.6362800,5,100,,,,,
req_834,req_5,Myodes glareolus,2011-06-08/2011-06-10,Smolyan,Bulgaria,,,41.4961500,24.6362800,1,100,,,,,
req_835,req_5,Apodemus flavicollis,2011-07-07/2011-07-09,Smolyan,Bulgaria,,,41.4961500,24.6362800,7,100,,,,,
req_836,req_5,Apodemus agrarius,2011-07-07/2011-07-09,Smolyan,Bulgaria,,,41.4961500,24.6362800,5,100,,,,,
req_837,req_5,Apodemus sylvaticus,2011-07-07/2011-07-09,Smolyan,Bulgaria,,,41.4961500,24.6362800,2,100,,,,,
req_838,req_5,Apodemus flavicollis,2011-08-10/2011-08-12,Smolyan,Bulgaria,,,41.4961500,24.6362800,6,100,,,,,
req_839,req_5,Apodemus agrarius,2011-08-10/2011-08-12,Smolyan,Bulgaria,,,41.4961500,24.6362800,5,100,,,,,
req_840,req_5,Apodemus sylvaticus,2011-08-10/2011-08-12,Smolyan,Bulgaria,,,41.4961500,24.6362800,2,100,,,,,
req_841,req_5,Apodemus flavicollis,2011-09-07/2011-09-09,Smolyan,Bulgaria,,,41.4961500,24.6362800,9,100,,,,,
req_842,req_5,Apodemus agrarius,2011-09-07/2011-09-09,Smolyan,Bulgaria,,,41.4961500,24.6362800,7,100,,,,,
req_843,req_5,Apodemus sylvaticus,2011-09-07/2011-09-09,Smolyan,Bulgaria,,,41.4961500,24.6362800,4,100,,,,,
req_844,req_5,Apodemus flavicollis,2011-10-06/2011-10-08,Smolyan,Bulgaria,,,41.4961500,24.6362800,7,100,,,,,
req_845,req_5,Apodemus agrarius,2011-10-06/2011-10-08,Smolyan,Bulgaria,,,41.4961500,24.6362800,6,100,,,,,
req_846,req_5,Apodemus sylvaticus,2011-10-06/2011-10-08,Smolyan,Bulgaria,,,41.4961500,24.6362800,4,100,,,,,
req_847,req_5,Apodemus flavicollis,2011-11-09/2011-11-11,Smolyan,Bulgaria,,,41.4961500,24.6362800,6,100,,,,,
req_848,req_5,Apodemus agrarius,2011-11-09/2011-11-11,Smolyan,Bulgaria,,,41.4961500,24.6362800,5,100,,,,,
req_849,req_5,Apodemus sylvaticus,2011-11-09/2011-11-11,Smolyan,Bulgaria,,,41.4961500,24.6362800,2,100,,,,,
req_850,req_5,Apodemus flavicollis,2011-12-08/2011-12-10,Smolyan,Bulgaria,,,41.4961500,24.6362800,3,100,,,,,
req_851,req_5,Apodemus agrarius,2011-12-08/2011-12-10,Smolyan,Bulgaria,,,41.4961500,24.6362800,3,100,,,,,
req_852,req_5,Apodemus sylvaticus,2011-12-08/2011-12-10,Smolyan,Bulgaria,,,41.4961500,24.6362800,2,100,,,,,
req_853,req_5,Apodemus flavicollis,2012-01-05/2012-01-07,Smolyan,Bulgaria,,,41.4961500,24.6362800,1,100,,,,,
req_854,req_5,Apodemus agrarius,2012-01-05/2012-01-07,Smolyan,Bulgaria,,,41.4961500,24.6362800,1,100,,,,,
req_855,req_5,Apodemus flavicollis,2012-02-08/2012-02-10,Smolyan,Bulgaria,,,41.4961500,24.6362800,1,100,,,,,
req_856,req_5,Apodemus flavicollis,2012-03-14/2012-03-16,Smolyan,Bulgaria,,,41.4961500,24.6362800,2,100,,,,,
req_857,req_5,Apodemus agrarius,2012-03-14/2012-03-16,Smolyan,Bulgaria,,,41.4961500,24.6362800,1,100,,,,,
req_858,req_5,Apodemus flavicollis,2012-04-11/2012-04-13,Smolyan,Bulgaria,,,41.4961500,24.6362800,3,100,,,,,
req_859,req_5,Apodemus agrarius,2012-04-11/2012-04-13,Smolyan,Bulgaria,,,41.4961500,24.6362800,2,100,,,,,
req_860,req_5,Apodemus sylvaticus,2012-04-11/2012-04-13,Smolyan,Bulgaria,,,41.4961500,24.6362800,1,100,,,,,
req_861,req_5,Apodemus flavicollis,2011-05-04/2011-05-06,Sliven,Bulgaria,,,42.6945300,26.4084400,11,100,,,,,
req_862,req_5,Apodemus agrarius,2011-05-04/2011-05-06,Sliven,Bulgaria,,,42.6945300,26.4084400,7,100,,,,,
req_863,req_5,Apodemus sylvaticus,2011-05-04/2011-05-06,Sliven,Bulgaria,,,42.6945300,26.4084400,3,100,,,,,
req_864,req_5,Apodemus flavicollis,2011-06-08/2011-06-10,Sliven,Bulgaria,,,42.6945300,26.4084400,17,100,,,,,
req_865,req_5,Apodemus agrarius,2011-06-08/2011-06-10,Sliven,Bulgaria,,,42.6945300,26.4084400,12,100,,,,,
req_866,req_5,Apodemus sylvaticus,2011-06-08/2011-06-10,Sliven,Bulgaria,,,42.6945300,26.4084400,7,100,,,,,
req_867,req_5,Apodemus flavicollis,2011-07-07/2011-07-09,Sliven,Bulgaria,,,42.6945300,26.4084400,16,100,,,,,
req_868,req_5,Apodemus agrarius,2011-07-07/2011-07-09,Sliven,Bulgaria,,,42.6945300,26.4084400,11,100,,,,,
req_869,req_5,Apodemus sylvaticus,2011-07-07/2011-07-09,Sliven,Bulgaria,,,42.6945300,26.4084400,5,100,,,,,
req_870,req_5,Apodemus flavicollis,2011-08-10/2011-08-12,Sliven,Bulgaria,,,42.6945300,26.4084400,15,100,,,,,
req_871,req_5,Apodemus agrarius,2011-08-10/2011-08-12,Sliven,Bulgaria,,,42.6945300,26.4084400,12,100,,,,,
req_872,req_5,Apodemus sylvaticus,2011-08-10/2011-08-12,Sliven,Bulgaria,,,42.6945300,26.4084400,4,100,,,,,
req_873,req_5,Apodemus flavicollis,2011-09-07/2011-09-09,Sliven,Bulgaria,,,42.6945300,26.4084400,12,100,,,,,
req_874,req_5,Apodemus agrarius,2011-09-07/2011-09-09,Sliven,Bulgaria,,,42.6945300,26.4084400,9,100,,,,,
req_875,req_5,Apodemus sylvaticus,2011-09-07/2011-09-09,Sliven,Bulgaria,,,42.6945300,26.4084400,5,100,,,,,
req_876,req_5,Apodemus flavicollis,2011-10-06/2011-10-08,Sliven,Bulgaria,,,42.6945300,26.4084400,13,100,,,,,
req_877,req_5,Apodemus agrarius,2011-10-06/2011-10-08,Sliven,Bulgaria,,,42.6945300,26.4084400,11,100,,,,,
req_878,req_5,Apodemus sylvaticus,2011-10-06/2011-10-08,Sliven,Bulgaria,,,42.6945300,26.4084400,4,100,,,,,
req_879,req_5,Apodemus flavicollis,2011-11-09/2011-11-11,Sliven,Bulgaria,,,42.6945300,26.4084400,17,100,,,,,
req_880,req_5,Apodemus agrarius,2011-11-09/2011-11-11,Sliven,Bulgaria,,,42.6945300,26.4084400,13,100,,,,,
req_881,req_5,Apodemus sylvaticus,2011-11-09/2011-11-11,Sliven,Bulgaria,,,42.6945300,26.4084400,3,100,,,,,
req_882,req_5,Apodemus flavicollis,2011-12-08/2011-12-10,Sliven,Bulgaria,,,42.6945300,26.4084400,11,100,,,,,
req_883,req_5,Apodemus agrarius,2011-12-08/2011-12-10,Sliven,Bulgaria,,,42.6945300,26.4084400,8,100,,,,,
req_884,req_5,Apodemus sylvaticus,2011-12-08/2011-12-10,Sliven,Bulgaria,,,42.6945300,26.4084400,4,100,,,,,
req_885,req_5,Apodemus flavicollis,2012-01-05/2012-01-07,Sliven,Bulgaria,,,42.6945300,26.4084400,5,100,,,,,
req_886,req_5,Apodemus agrarius,2012-01-05/2012-01-07,Sliven,Bulgaria,,,42.6945300,26.4084400,3,100,,,,,
req_887,req_5,Apodemus sylvaticus,2012-01-05/2012-01-07,Sliven,Bulgaria,,,42.6945300,26.4084400,1,100,,,,,
req_888,req_5,Apodemus flavicollis,2012-02-08/2012-02-10,Sliven,Bulgaria,,,42.6945300,26.4084400,3,100,,,,,
req_889,req_5,Apodemus agrarius,2012-02-08/2012-02-10,Sliven,Bulgaria,,,42.6945300,26.4084400,1,100,,,,,
req_890,req_5,Apodemus flavicollis,2012-03-14/2012-03-16,Sliven,Bulgaria,,,42.6945300,26.4084400,9,100,,,,,
req_891,req_5,Apodemus agrarius,2012-03-14/2012-03-16,Sliven,Bulgaria,,,42.6945300,26.4084400,2,100,,,,,
req_892,req_5,Apodemus sylvaticus,2012-03-14/2012-03-16,Sliven,Bulgaria,,,42.6945300,26.4084400,1,100,,,,,
req_893,req_5,Apodemus flavicollis,2012-04-11/2012-04-13,Sliven,Bulgaria,,,42.6945300,26.4084400,7,100,,,,,
req_894,req_5,Apodemus agrarius,2012-04-11/2012-04-13,Sliven,Bulgaria,,,42.6945300,26.4084400,5,100,,,,,
req_895,req_5,Apodemus sylvaticus,2012-04-11/2012-04-13,Sliven,Bulgaria,,,42.6945300,26.4084400,4,100,,,,,