pathogen_record_id,associated_rodent_record_id,study_id,associatedTaxa,family,scientificName,assay,tested,positive,negative,number_inconclusive,note
a_1,a_1,a_133,Apodemus flavicollis,Hantaviridae,Dobrava virus,IFA,450,0,450,,Tested for Puumala and/or Saaremaa
a_2,a_2,a_133,Apodemus sylvaticus,Hantaviridae,,IFA,2,0,2,,Tested for Puumala and/or Saaremaa
a_3,a_3,a_133,Apodemus sp.,Hantaviridae,,IFA,4,0,4,,Tested for Puumala and/or Saaremaa
a_4,a_4,a_133,Clethrionomys glareolus,Hantaviridae,Puumala virus,IFA,0,0,0,,Tested for Puumala and/or Saaremaa
a_5,a_5,a_133,Apodemus flavicollis,Hantaviridae,Dobrava virus,IFA,42,0,42,,Tested for Puumala and/or Saaremaa
a_6,a_6,a_133,Apodemus sylvaticus,Hantaviridae,,IFA,6,0,6,,Tested for Puumala and/or Saaremaa
a_7,a_7,a_133,Apodemus sp.,Hantaviridae,,IFA,4,0,4,,Tested for Puumala and/or Saaremaa
a_8,a_8,a_133,Clethrionomys glareolus,Hantaviridae,Puumala virus,IFA,49,0,49,,Tested for Puumala and/or Saaremaa
a_9,a_9,a_133,Apodemus flavicollis,Hantaviridae,Dobrava virus,IFA,143,2,141,,Tested for Puumala and/or Saaremaa
a_10,a_10,a_133,Clethrionomys glareolus,Hantaviridae,Puumala virus,IFA,1,0,1,,Tested for Puumala and/or Saaremaa
a_11,a_11,a_133,Apodemus flavicollis,Hantaviridae,Dobrava virus,IFA,1,0,1,,Tested for Puumala and/or Saaremaa
a_12,a_12,a_133,Clethrionomys glareolus,Hantaviridae,Puumala virus,IFA,0,0,0,,Tested for Puumala and/or Saaremaa
a_13,a_13,a_133,Apodemus flavicollis,Hantaviridae,Dobrava virus,IFA,372,0,372,,Tested for Puumala and/or Saaremaa
a_14,a_14,a_133,Clethrionomys glareolus,Hantaviridae,Puumala virus,IFA,28,0,28,,Tested for Puumala and/or Saaremaa
a_15,a_15,a_133,Apodemus flavicollis,Hantaviridae,Dobrava virus,IFA,52,1,51,,Tested for Puumala and/or Saaremaa
a_16,a_16,a_133,Clethrionomys glareolus,Hantaviridae,Puumala virus,IFA,32,0,32,,Tested for Puumala and/or Saaremaa
a_17,a_17,a_133,Apodemus flavicollis,Hantaviridae,Dobrava virus,IFA,140,0,140,,Tested for Puumala and/or Saaremaa
a_18,a_18,a_133,Clethrionomys glareolus,Hantaviridae,Puumala virus,IFA,2,0,2,,Tested for Puumala and/or Saaremaa
a_19,a_19,a_133,Apodemus flavicollis,Hantaviridae,Dobrava virus,IFA,,,0,,tested and positives NA
a_20,a_20,a_133,Clethrionomys glareolus,Hantaviridae,Puumala virus,IFA,,,0,,tested and positives NA
a_21,a_21,a_133,Apodemus flavicollis,Hantaviridae,Dobrava virus,IFA,124,0,124,,Tested for Puumala and/or Saaremaa
a_22,a_22,a_133,Apodemus sylvaticus,Hantaviridae,,IFA,3,0,3,,Tested for Puumala and/or Saaremaa
a_23,a_23,a_133,Clethrionomys glareolus,Hantaviridae,Puumala virus,IFA,127,0,127,,Tested for Puumala and/or Saaremaa
a_24,a_24,a_133,Microtus arvalis,Hantaviridae,,IFA,2,0,2,,Tested for Puumala and/or Saaremaa
a_25,a_25,a_133,Apodemus flavicollis,Hantaviridae,Dobrava virus,IFA,33,0,33,,Tested for Puumala and/or Saaremaa
a_26,a_26,a_133,Clethrionomys glareolus,Hantaviridae,,IFA,1,0,1,,Tested for Puumala and/or Saaremaa
a_27,a_27,a_133,Apodemus flavicollis,Hantaviridae,Dobrava virus,IFA,96,0,96,,Tested for Puumala and/or Saaremaa
a_28,a_28,a_133,Apodemus sylvaticus,Hantaviridae,,IFA,4,0,4,,Tested for Puumala and/or Saaremaa
a_29,a_29,a_133,Clethrionomys glareolus,Hantaviridae,Puumala virus,IFA,28,0,28,,Tested for Puumala and/or Saaremaa
a_30,a_30,a_133,Microtus arvalis,Hantaviridae,,IFA,6,0,6,,Tested for Puumala and/or Saaremaa
a_31,a_31,a_133,Apodemus flavicollis,Hantaviridae,Dobrava virus,IFA,11,0,11,,Tested for Puumala and/or Saaremaa
a_32,a_32,a_133,Clethrionomys glareolus,Hantaviridae,Puumala virus,IFA,10,0,10,,Tested for Puumala and/or Saaremaa
a_33,a_33,a_133,Apodemus flavicollis,Hantaviridae,Dobrava virus,IFA,37,0,37,,Tested for Puumala and/or Saaremaa
a_34,a_34,a_133,Clethrionomys glareolus,Hantaviridae,Puumala virus,IFA,32,1,31,,Tested for Puumala and/or Saaremaa
a_35,a_35,a_133,Apodemus flavicollis,Hantaviridae,Dobrava virus,IFA,10,0,10,,Tested for Puumala and/or Saaremaa
a_36,a_36,a_110,Microtus arvalis,Hantaviridae,Orthohantavirus,RT-PCR,1,0,1,,
a_37,a_37,a_110,Microtus arvalis,Hantaviridae,Orthohantavirus,RT-PCR,30,0,30,,
a_38,a_38,a_110,Microtus oeconomus,Hantaviridae,Orthohantavirus,RT-PCR,4,0,4,,
a_39,a_39,a_110,Microtus arvalis,Hantaviridae,Orthohantavirus,RT-PCR,11,0,11,,
a_40,a_40,a_110,Microtus arvalis,Hantaviridae,Orthohantavirus,RT-PCR,4,0,4,,
a_41,a_41,a_110,Microtus oeconomus,Hantaviridae,Orthohantavirus,RT-PCR,2,0,2,,
a_42,a_42,a_110,Microtus agrestis,Hantaviridae,Orthohantavirus,RT-PCR,1,0,1,,
a_43,a_43,a_110,Microtus oeconomus,Hantaviridae,Orthohantavirus,RT-PCR,2,0,2,,
a_44,a_44,a_110,Microtus arvalis,Hantaviridae,Orthohantavirus,RT-PCR,7,0,7,,
a_45,a_45,a_110,Microtus agrestis,Hantaviridae,Orthohantavirus,RT-PCR,1,0,1,,
a_46,a_46,a_110,Microtus arvalis,Hantaviridae,Orthohantavirus,RT-PCR,6,0,6,,
a_47,a_47,a_110,Microtus oeconomus,Hantaviridae,Orthohantavirus,RT-PCR,3,0,3,,
a_48,a_48,a_110,Microtus agrestis,Hantaviridae,Orthohantavirus,RT-PCR,12,0,12,,
a_49,a_49,a_110,Microtus oeconomus,Hantaviridae,Rusne orthohantavirus,RT-PCR,42,6,36,,
a_50,a_50,a_110,Microtus agrestis,Hantaviridae,Orthohantavirus,RT-PCR,7,0,7,,
a_51,a_51,a_110,Microtus oeconomus,Hantaviridae,Rusne orthohantavirus,RT-PCR,7,1,6,,
a_52,a_52,a_110,Microtus agrestis,Hantaviridae,Orthohantavirus,RT-PCR,4,0,4,,
a_53,a_53,a_110,Microtus arvalis,Hantaviridae,Orthohantavirus,RT-PCR,1,0,1,,
a_54,a_54,a_110,Microtus oeconomus,Hantaviridae,Rusne orthohantavirus,RT-PCR,8,1,7,,
a_55,a_55,a_110,Microtus agrestis,Hantaviridae,Orthohantavirus,RT-PCR,10,0,10,,
a_56,a_56,a_110,Microtus oeconomus,Hantaviridae,Orthohantavirus,RT-PCR,3,0,3,,
a_57,a_57,a_110,Microtus arvalis,Hantaviridae,Orthohantavirus,RT-PCR,9,0,9,,
a_58,a_58,a_110,Microtus oeconomus,Hantaviridae,Orthohantavirus,RT-PCR,1,0,1,,
a_59,a_59,a_110,Microtus oeconomus,Hantaviridae,Orthohantavirus,RT-PCR,1,0,1,,
a_60,a_60,a_110,Microtus arvalis,Hantaviridae,Orthohantavirus,RT-PCR,11,0,11,,
a_61,a_61,a_110,Microtus agrestis,Hantaviridae,Orthohantavirus,RT-PCR,1,0,1,,
a_62,a_62,a_110,Microtus arvalis,Hantaviridae,Orthohantavirus,RT-PCR,1,0,1,,
a_63,a_63,a_110,Microtus oeconomus,Hantaviridae,Orthohantavirus,RT-PCR,1,0,1,,
a_64,a_64,a_110,Microtus arvalis,Hantaviridae,Orthohantavirus,RT-PCR,9,0,9,,
a_65,a_65,a_110,Microtus arvalis,Hantaviridae,Orthohantavirus,RT-PCR,4,0,4,,
a_66,a_66,a_110,Microtus arvalis,Hantaviridae,Orthohantavirus,RT-PCR,15,0,15,,
a_67,a_67,a_110,Microtus oeconomus,Hantaviridae,Orthohantavirus,RT-PCR,1,0,1,,
a_68,a_68,a_110,Microtus agrestis,Hantaviridae,Orthohantavirus,RT-PCR,10,0,10,,
a_69,a_69,a_110,Microtus oeconomus,Hantaviridae,Orthohantavirus,RT-PCR,4,0,4,,
a_70,a_36,a_110,Microtus arvalis,Hantaviridae,Orthohantavirus,IgG ELISA,1,0,1,,
a_71,a_37,a_110,Microtus arvalis,Hantaviridae,Orthohantavirus,IgG ELISA,30,0,30,,
a_72,a_38,a_110,Microtus oeconomus,Hantaviridae,Orthohantavirus,IgG ELISA,4,0,4,,
a_73,a_39,a_110,Microtus arvalis,Hantaviridae,Orthohantavirus,IgG ELISA,11,0,11,,
a_74,a_40,a_110,Microtus arvalis,Hantaviridae,Orthohantavirus,IgG ELISA,4,0,4,,
a_75,a_41,a_110,Microtus oeconomus,Hantaviridae,Orthohantavirus,IgG ELISA,2,0,2,,
a_76,a_42,a_110,Microtus agrestis,Hantaviridae,Orthohantavirus,IgG ELISA,1,0,1,,
a_77,a_43,a_110,Microtus oeconomus,Hantaviridae,Orthohantavirus,IgG ELISA,2,0,2,,
a_78,a_44,a_110,Microtus arvalis,Hantaviridae,Orthohantavirus,IgG ELISA,7,0,7,,
a_79,a_45,a_110,Microtus agrestis,Hantaviridae,Orthohantavirus,IgG ELISA,1,0,1,,
a_80,a_46,a_110,Microtus arvalis,Hantaviridae,Orthohantavirus,IgG ELISA,6,0,6,,
a_81,a_47,a_110,Microtus oeconomus,Hantaviridae,Orthohantavirus,IgG ELISA,3,0,3,,
a_82,a_48,a_110,Microtus agrestis,Hantaviridae,Orthohantavirus,IgG ELISA,12,0,12,,
a_83,a_49,a_110,Microtus oeconomus,Hantaviridae,Rusne orthohantavirus,IgG ELISA,42,4,38,,
a_84,a_50,a_110,Microtus agrestis,Hantaviridae,Orthohantavirus,IgG ELISA,7,0,7,,
a_85,a_51,a_110,Microtus oeconomus,Hantaviridae,Orthohantavirus,IgG ELISA,7,0,7,,
a_86,a_52,a_110,Microtus agrestis,Hantaviridae,Orthohantavirus,IgG ELISA,4,0,4,,
a_87,a_53,a_110,Microtus arvalis,Hantaviridae,Orthohantavirus,IgG ELISA,1,0,1,,
a_88,a_54,a_110,Microtus oeconomus,Hantaviridae,Orthohantavirus,IgG ELISA,8,0,8,,
a_89,a_55,a_110,Microtus agrestis,Hantaviridae,Orthohantavirus,IgG ELISA,10,0,10,,
a_90,a_56,a_110,Microtus oeconomus,Hantaviridae,Orthohantavirus,IgG ELISA,3,0,3,,
a_91,a_57,a_110,Microtus arvalis,Hantaviridae,Orthohantavirus,IgG ELISA,9,0,9,,
a_92,a_58,a_110,Microtus oeconomus,Hantaviridae,Orthohantavirus,IgG ELISA,1,0,1,,
a_93,a_59,a_110,Microtus oeconomus,Hantaviridae,Orthohantavirus,IgG ELISA,1,0,1,,
a_94,a_60,a_110,Microtus arvalis,Hantaviridae,Orthohantavirus,IgG ELISA,11,0,11,,
a_95,a_61,a_110,Microtus agrestis,Hantaviridae,Orthohantavirus,IgG ELISA,1,0,1,,
a_96,a_62,a_110,Microtus arvalis,Hantaviridae,Orthohantavirus,IgG ELISA,1,0,1,,
a_97,a_63,a_110,Microtus oeconomus,Hantaviridae,Orthohantavirus,IgG ELISA,1,0,1,,
a_98,a_64,a_110,Microtus arvalis,Hantaviridae,Orthohantavirus,IgG ELISA,9,0,9,,
a_99,a_65,a_110,Microtus arvalis,Hantaviridae,Orthohantavirus,IgG ELISA,4,0,4,,
a_100,a_66,a_110,Microtus arvalis,Hantaviridae,Orthohantavirus,IgG ELISA,15,0,15,,
a_101,a_67,a_110,Microtus oeconomus,Hantaviridae,Orthohantavirus,IgG ELISA,1,0,1,,
a_102,a_68,a_110,Microtus agrestis,Hantaviridae,Orthohantavirus,IgG ELISA,10,0,10,,
a_103,a_69,a_110,Microtus oeconomus,Hantaviridae,Orthohantavirus,IgG ELISA,4,0,4,,
a_104,a_70,a_200,Akodon montensis*,Hantaviridae,,indirect immunofluorescent antibody assay,641,65,-2,,
a_105,a_71,a_200,Calomys callosus*,Hantaviridae,,indirect immunofluorescent antibody assay,63,0,#REF!,,
a_106,a_72,a_200,Calomys tener,Hantaviridae,,indirect immunofluorescent antibody assay,2,0,2,,
a_107,a_73,a_200,Calomys sp.,Hantaviridae,,indirect immunofluorescent antibody assay,7,0,7,,
a_108,a_74,a_200,Clyomys laticeps,Hantaviridae,,indirect immunofluorescent antibody assay,1,0,1,,
a_109,a_75,a_200,Dasypus novemcinctus,Hantaviridae,,indirect immunofluorescent antibody assay,1,0,1,,
a_110,a_76,a_200,Dasypus septemcinctus,Hantaviridae,,indirect immunofluorescent antibody assay,1,0,1,,
a_111,a_77,a_200,Gracilinanus sp.,Hantaviridae,,indirect immunofluorescent antibody assay,1,0,1,,
a_112,a_78,a_200,Holochilus chacarius,Hantaviridae,,indirect immunofluorescent antibody assay,1,0,1,,
a_113,a_79,a_200,Monodelphis domestica,Hantaviridae,,indirect immunofluorescent antibody assay,4,0,4,,
a_114,a_80,a_200,Mus musculus,Hantaviridae,,indirect immunofluorescent antibody assay,1,0,1,,
a_115,a_81,a_200,Necromys lasiurus,Hantaviridae,,indirect immunofluorescent antibody assay,124,3,121,,
a_116,a_82,a_200,Oligoryzomys fornesi*,Hantaviridae,,indirect immunofluorescent antibody assay,72,5,67,,
a_117,a_83,a_200,Oligoryzomys nigripes*,Hantaviridae,,indirect immunofluorescent antibody assay,44,1,43,,
a_118,a_84,a_200,Oligoryzomys sp.,Hantaviridae,,indirect immunofluorescent antibody assay,15,1,14,,
a_119,a_85,a_200,Oryzomys angouya,Hantaviridae,,indirect immunofluorescent antibody assay,30,0,30,,
a_120,a_86,a_200,Oryzomys buccinatus,Hantaviridae,,indirect immunofluorescent antibody assay,1,0,1,,
a_121,a_87,a_200,Oryzomys megacephalus,Hantaviridae,,indirect immunofluorescent antibody assay,51,1,50,,
a_122,a_88,a_200,Oryzomys sp.,Hantaviridae,,indirect immunofluorescent antibody assay,18,0,18,,
a_123,a_89,a_200,Oxymycterus delator*,Hantaviridae,,indirect immunofluorescent antibody assay,57,1,56,,
a_124,a_90,a_200,Oxymycterus misionalis,Hantaviridae,,indirect immunofluorescent antibody assay,5,0,5,,
a_125,a_91,a_200,Rattus rattus,Hantaviridae,,indirect immunofluorescent antibody assay,1,0,1,,
a_126,a_92,a_200,Scapteromys aquaticus,Hantaviridae,,indirect immunofluorescent antibody assay,4,0,4,,
a_127,a_93,a_200,Unknown,Hantaviridae,,indirect immunofluorescent antibody assay,5,0,5,,
a_128,a_94,a_205,Rattus norvegicus,Hantaviridae,,RT-PCR,582,61,521,,"Tested for HTNV, SEOV, PUUV and AMRV"
a_129,a_95,a_205,Rattus norvegicus,Hantaviridae,,RT-PCR,26,2,24,,"Tested for HTNV, SEOV, PUUV and AMRV"
a_130,a_96,a_205,Rattus norvegicus,Hantaviridae,,RT-PCR,196,25,171,,"Tested for HTNV, SEOV, PUUV and AMRV"
a_131,a_97,a_205,Rattus norvegicus,Hantaviridae,,RT-PCR,68,6,62,,"Tested for HTNV, SEOV, PUUV and AMRV"
a_132,a_98,a_205,Rattus norvegicus,Hantaviridae,,RT-PCR,20,4,16,,"Tested for HTNV, SEOV, PUUV and AMRV"
a_133,a_99,a_205,Mus musculus,Hantaviridae,,RT-PCR,178,8,170,,"Tested for HTNV, SEOV, PUUV and AMRV"
a_134,a_100,a_205,Mus musculus,Hantaviridae,,RT-PCR,10,3,7,,"Tested for HTNV, SEOV, PUUV and AMRV"
a_135,a_101,a_205,Mus musculus,Hantaviridae,,RT-PCR,81,2,79,,"Tested for HTNV, SEOV, PUUV and AMRV"
a_136,a_102,a_205,Mus musculus,Hantaviridae,,RT-PCR,22,4,18,,"Tested for HTNV, SEOV, PUUV and AMRV"
a_137,a_103,a_205,Mus musculus,Hantaviridae,,RT-PCR,26,2,24,,"Tested for HTNV, SEOV, PUUV and AMRV"
a_138,a_104,a_205,Apodemus agrarius,Hantaviridae,,RT-PCR,36,0,36,,"Tested for HTNV, SEOV, PUUV and AMRV"
a_139,a_105,a_205,Apodemus agrarius,Hantaviridae,,RT-PCR,69,0,69,,"Tested for HTNV, SEOV, PUUV and AMRV"
a_140,a_106,a_205,Apodemus agrarius,Hantaviridae,,RT-PCR,27,0,27,,"Tested for HTNV, SEOV, PUUV and AMRV"
a_141,a_107,a_205,Apodemus agrarius,Hantaviridae,,RT-PCR,5,0,5,,"Tested for HTNV, SEOV, PUUV and AMRV"
a_142,a_108,a_205,Apodemus agrarius,Hantaviridae,,RT-PCR,8,0,8,,"Tested for HTNV, SEOV, PUUV and AMRV"
a_143,a_109,a_205,A. peninsulae,Hantaviridae,,RT-PCR,13,0,13,,"Tested for HTNV, SEOV, PUUV and AMRV"
a_144,a_110,a_205,A. peninsulae,Hantaviridae,,RT-PCR,118,0,118,,"Tested for HTNV, SEOV, PUUV and AMRV"
a_145,a_111,a_205,A. peninsulae,Hantaviridae,,RT-PCR,27,0,27,,"Tested for HTNV, SEOV, PUUV and AMRV"
a_146,a_112,a_205,A. peninsulae,Hantaviridae,,RT-PCR,0,0,0,,"Tested for HTNV, SEOV, PUUV and AMRV"
a_147,a_113,a_205,A. peninsulae,Hantaviridae,,RT-PCR,4,0,4,,"Tested for HTNV, SEOV, PUUV and AMRV"
a_148,a_114,a_205,Other species,Hantaviridae,,RT-PCR,26,0,26,,"Tested for HTNV, SEOV, PUUV and AMRV"
a_149,a_115,a_205,Other species,Hantaviridae,,RT-PCR,82,0,82,,"Tested for HTNV, SEOV, PUUV and AMRV"
a_150,a_116,a_205,Other species,Hantaviridae,,RT-PCR,9,0,9,,"Tested for HTNV, SEOV, PUUV and AMRV"
a_151,a_117,a_205,Other species,Hantaviridae,,RT-PCR,3,0,3,,"Tested for HTNV, SEOV, PUUV and AMRV"
a_152,a_118,a_205,Other species,Hantaviridae,,RT-PCR,3,0,3,,"Tested for HTNV, SEOV, PUUV and AMRV"
a_153,a_119,a_207,Peromyscus pectoralis,Hantaviridae,,IgG ELISA,62,0,62,,
a_154,a_120,a_207,Sigmodon toltecus,Hantaviridae,,IgG ELISA,34,0,34,,
a_155,a_121,a_207,Oryzomys couesi,Hantaviridae,,IgG ELISA,21,0,21,,
a_156,a_122,a_207,Liomys irroratus,Hantaviridae,,IgG ELISA,13,0,13,,
a_157,a_123,a_207,Baiomys taylori,Hantaviridae,,IgG ELISA,9,0,9,,
a_158,a_124,a_207,Oligoryzomys fulvescens,Hantaviridae,,IgG ELISA,6,0,6,,
a_159,a_125,a_207,Rattus rattus,Hantaviridae,,IgG ELISA,3,0,3,,
a_160,a_126,a_207,Reithrodontomys fulvescens,Hantaviridae,,IgG ELISA,2,0,2,,
a_161,a_127,a_207,Mus musculus,Hantaviridae,,IgG ELISA,1,0,1,,
a_162,a_128,a_207,Oryzomys rostratus,Hantaviridae,,IgG ELISA,1,0,1,,
a_163,a_129,a_207,Peromyscus levipes,Hantaviridae,,IgG ELISA,31,7,24,,
a_164,a_130,a_207,Peromyscus ochraventer,Hantaviridae,,IgG ELISA,11,0,11,,
a_165,a_131,a_207,Oryzomys chapmani,Hantaviridae,,IgG ELISA,4,0,4,,
a_166,a_132,a_207,Cryptotis obscura,Hantaviridae,,IgG ELISA,1,0,1,,
a_167,a_133,a_211,Oxymycterus spp.,Hantaviridae,Maciel hantavirus,IgG ELISA,,4,-4,,
a_168,a_134,a_211,Oligoryzomys nigripes,Hantaviridae,Maciel hantavirus,IgG ELISA,,1,-1,,
a_169,a_135,a_211,Scapteromys tumidus,Hantaviridae,,IgG ELISA,,0,0,,
a_170,a_136,a_211,Oligoryzomys flavescens,Hantaviridae,,IgG ELISA,,0,0,,
a_171,a_137,a_211,Akodon azarae,Hantaviridae,,IgG ELISA,,0,0,,
a_172,a_138,a_211,Necromys obscurus,Hantaviridae,,IgG ELISA,,0,0,,
a_173,a_139,a_211,Rattus rattus,Hantaviridae,,IgG ELISA,,0,0,,
a_174,a_140,a_211,Oxymycterus spp.,Hantaviridae,,IgG ELISA,,0,0,,
a_175,a_141,a_211,Oligoryzomys nigripes,Hantaviridae,,IgG ELISA,,0,0,,
a_176,a_142,a_211,Scapteromys tumidus,Hantaviridae,,IgG ELISA,,0,0,,
a_177,a_143,a_211,Oligoryzomys flavescens,Hantaviridae,,IgG ELISA,,0,0,,
a_178,a_144,a_211,Akodon azarae,Hantaviridae,,IgG ELISA,,0,0,,
a_179,a_145,a_211,Necromys obscurus,Hantaviridae,,IgG ELISA,,0,0,,
a_180,a_145,a_211,Necromys obscurus,Hantaviridae,,IgG ELISA,,0,0,,
a_181,a_147,a_212,"Myodes glareolus,",Hantaviridae,Puumala,indirect immunofluorescence and enzyme-linked immunosorbent assay,95,0,95,,
a_182,a_148,a_212,"Myodes glareolus,",Hantaviridae,Puumala,indirect immunofluorescence and enzyme-linked immunosorbent assay,97,17,80,,
a_183,a_149,a_212,"Myodes glareolus,",Hantaviridae,Puumala,indirect immunofluorescence and enzyme-linked immunosorbent assay,69,6,63,,
a_184,a_150,a_212,"Myodes glareolus,",Hantaviridae,Puumala,indirect immunofluorescence and enzyme-linked immunosorbent assay,38,1,37,,
a_185,a_151,a_212,"Myodes glareolus,",Hantaviridae,Puumala,indirect immunofluorescence and enzyme-linked immunosorbent assay,83,34,49,,
a_186,a_152,a_212,"Myodes glareolus,",Hantaviridae,Puumala,indirect immunofluorescence and enzyme-linked immunosorbent assay,19,7,12,,
a_187,a_153,a_212,"Myodes glareolus,",Hantaviridae,Puumala,indirect immunofluorescence and enzyme-linked immunosorbent assay,17,5,12,,
a_188,a_154,a_212,"Myodes glareolus,",Hantaviridae,Puumala,indirect immunofluorescence and enzyme-linked immunosorbent assay,35,12,23,,
a_189,a_155,a_212,"Myodes glareolus,",Hantaviridae,Puumala,indirect immunofluorescence and enzyme-linked immunosorbent assay,74,30,44,,
a_190,a_156,a_212,"Myodes glareolus,",Hantaviridae,Puumala,indirect immunofluorescence and enzyme-linked immunosorbent assay,1,1,0,,
a_191,a_157,a_212,"Myodes glareolus,",Hantaviridae,Puumala,indirect immunofluorescence and enzyme-linked immunosorbent assay,26,7,19,,
a_192,a_158,a_212,"Myodes glareolus,",Hantaviridae,Puumala,indirect immunofluorescence and enzyme-linked immunosorbent assay,3,0,3,,
a_193,a_159,a_214,Akodon sp.,Hantaviridae,Andes orthohantavirus,ANDV IgG antibodies,1,0,1,,
a_194,a_160,a_214,Calomys callosus,Hantaviridae,Andes orthohantavirus,ANDV IgG antibodies,1,0,1,,
a_195,a_161,a_214,Holochilus brasiliensis,Hantaviridae,Andes orthohantavirus,ANDV IgG antibodies,4,0,4,,
a_196,a_162,a_214,C. callosus,Hantaviridae,Andes orthohantavirus,ANDV IgG antibodies,1,0,1,,
a_197,a_163,a_214,Oryzomys buccinatus,Hantaviridae,Andes orthohantavirus,ANDV IgG antibodies,2,0,2,,
a_198,a_164,a_214,A. cursor,Hantaviridae,Andes orthohantavirus,ANDV IgG antibodies and RT-PCR,7,1,6,,
a_199,a_165,a_214,C. callosus,Hantaviridae,Andes orthohantavirus,ANDV IgG antibodies,2,0,2,,
a_200,a_166,a_214,A. cursor,Hantaviridae,Andes orthohantavirus,ANDV IgG antibodies,8,0,8,,
a_201,a_167,a_214,A. nigrita,Hantaviridae,Andes orthohantavirus,ANDV IgG antibodies,1,0,1,,
a_202,a_168,a_214,A. cursor,Hantaviridae,Andes orthohantavirus,ANDV IgG antibodies,5,0,5,,
a_203,a_169,a_214,Oligoryzomys sp.,Hantaviridae,Andes orthohantavirus,ANDV IgG antibodies,9,0,9,,
a_204,a_170,a_214,A. cursor,Hantaviridae,Andes orthohantavirus,ANDV IgG antibodies,3,0,3,,
a_205,a_171,a_214,O. nigripes,Hantaviridae,Andes orthohantavirus,ANDV IgG antibodies,1,0,1,,
a_206,a_172,a_214,O. flavescens,Hantaviridae,Andes orthohantavirus,ANDV IgG antibodies,1,0,1,,
a_207,a_173,a_214,H. brasiliensis,Hantaviridae,Andes orthohantavirus,ANDV IgG antibodies,1,0,1,,
a_208,a_174,a_214,O. nigripes,Hantaviridae,Andes orthohantavirus,ANDV IgG antibodies and RT-PCR,28,3,25,,
a_209,a_175,a_214,A. montensis,Hantaviridae,Andes orthohantavirus,ANDV IgG antibodies,8,,8,,positives NA
a_210,a_176,a_214,O.  flavescens,Hantaviridae,Andes orthohantavirus,ANDV IgG antibodies,1,,1,,positives NA
a_211,a_177,a_214,O. nigripes,Hantaviridae,Andes orthohantavirus,ANDV IgG antibodies and RT-PCR,14,2,12,,
a_212,a_178,a_214,A. montensis,Hantaviridae,Andes orthohantavirus,ANDV IgG antibodies,3,0,3,,
a_213,a_179,a_214,O. flavescens,Hantaviridae,Andes orthohantavirus,ANDV IgG antibodies,3,0,3,,
a_214,a_181,a_221,M. musculus,Hantaviridae,Andes orthohantavirus,ANDV IgG antibodies,2,0,2,,
a_215,a_182,a_221,R. rattus,Hantaviridae,Sin Nombre virus,IgG ELISA,12,0,12,,
a_216,a_183,a_221,R. norvegicus,Hantaviridae,Sin Nombre virus,IgG ELISA,2,0,2,,
a_217,a_184,a_221,rattus sp,Hantaviridae,Sin Nombre virus,IgG ELISA,0,0,0,,
a_218,a_185,a_221,M. musculus,Hantaviridae,Sin Nombre virus,IgG ELISA,5,0,5,,
a_219,a_186,a_221,R. rattus,Hantaviridae,Sin Nombre virus,IgG ELISA,28,0,28,,
a_220,a_187,a_221,R. norvegicus,Hantaviridae,Sin Nombre virus,IgG ELISA,7,0,7,,
a_221,a_188,a_221,rattus sp,Hantaviridae,Sin Nombre virus,IgG ELISA,3,0,3,,
a_222,a_189,a_221,M. musculus,Hantaviridae,Sin Nombre virus,IgG ELISA,14,0,14,,
a_223,a_190,a_221,R. rattus,Hantaviridae,Sin Nombre virus,IgG ELISA,7,0,7,,
a_224,a_191,a_221,R. norvegicus,Hantaviridae,Sin Nombre virus,IgG ELISA,8,0,8,,
a_225,a_192,a_221,rattus sp,Hantaviridae,Sin Nombre virus,IgG ELISA,11,0,11,,
a_226,a_193,a_221,M. musculus,Hantaviridae,Sin Nombre virus,IgG ELISA,24,0,24,,
a_227,a_194,a_221,R. rattus,Hantaviridae,Sin Nombre virus,IgG ELISA,12,0,12,,
a_228,a_195,a_221,R. norvegicus,Hantaviridae,Sin Nombre virus,IgG ELISA,2,0,2,,
a_229,a_196,a_221,rattus sp,Hantaviridae,Sin Nombre virus,IgG ELISA,0,0,0,,
a_230,a_197,a_221,M. musculus,Hantaviridae,Sin Nombre virus,IgG ELISA,1,0,1,,
a_231,a_198,a_221,R. rattus,Hantaviridae,Sin Nombre virus,IgG ELISA,19,0,19,,
a_232,a_199,a_221,R. norvegicus,Hantaviridae,Sin Nombre virus,IgG ELISA,4,0,4,,
a_233,a_200,a_221,rattus sp,Hantaviridae,Sin Nombre virus,IgG ELISA,9,0,9,,
a_234,a_201,a_221,M. musculus,Hantaviridae,Sin Nombre virus,IgG ELISA,0,0,0,,
a_235,a_202,a_221,R. rattus,Hantaviridae,Sin Nombre virus,IgG ELISA,1,0,1,,
a_236,a_203,a_221,R. norvegicus,Hantaviridae,Sin Nombre virus,IgG ELISA,0,0,0,,
a_237,a_204,a_221,rattus sp,Hantaviridae,Sin Nombre virus,IgG ELISA,0,0,0,,
a_238,a_205,a_221,M. musculus,Hantaviridae,Sin Nombre virus,IgG ELISA,17,0,17,,
a_239,a_206,a_221,R. rattus,Hantaviridae,Sin Nombre virus,IgG ELISA,4,0,4,,
a_240,a_207,a_221,R. norvegicus,Hantaviridae,Sin Nombre virus,IgG ELISA,3,0,3,,
a_241,a_208,a_221,rattus sp,Hantaviridae,Sin Nombre virus,IgG ELISA,0,0,0,,
a_242,a_209,a_221,M. musculus,Hantaviridae,Sin Nombre virus,IgG ELISA,0,0,0,,
a_243,a_210,a_221,R. rattus,Hantaviridae,Sin Nombre virus,IgG ELISA,0,0,0,,
a_244,a_211,a_221,R. norvegicus,Hantaviridae,Sin Nombre virus,IgG ELISA,0,0,0,,
a_245,a_212,a_221,rattus sp,Hantaviridae,Sin Nombre virus,IgG ELISA,0,0,0,,
a_246,a_213,a_221,M. musculus,Hantaviridae,Sin Nombre virus,IgG ELISA,10,0,10,,
a_247,a_214,a_221,R. rattus,Hantaviridae,Sin Nombre virus,IgG ELISA,0,0,0,,
a_248,a_215,a_221,R. norvegicus,Hantaviridae,Sin Nombre virus,IgG ELISA,1,0,1,,
a_249,a_216,a_221,rattus sp,Hantaviridae,Sin Nombre virus,IgG ELISA,3,0,3,,
a_250,a_217,a_221,M. musculus,Hantaviridae,Sin Nombre virus,IgG ELISA,8,0,8,,
a_251,a_218,a_221,R. rattus,Hantaviridae,Sin Nombre virus,IgG ELISA,2,0,2,,
a_252,a_219,a_221,R. norvegicus,Hantaviridae,Sin Nombre virus,IgG ELISA,1,0,1,,
a_253,a_220,a_221,rattus sp,Hantaviridae,Sin Nombre virus,IgG ELISA,0,0,0,,
a_254,a_221,a_221,M. musculus,Hantaviridae,Sin Nombre virus,IgG ELISA,4,0,4,,
a_255,a_222,a_221,R. rattus,Hantaviridae,Sin Nombre virus,IgG ELISA,3,0,3,,
a_256,a_223,a_221,R. norvegicus,Hantaviridae,Sin Nombre virus,IgG ELISA,0,0,0,,
a_257,a_224,a_221,rattus sp,Hantaviridae,Sin Nombre virus,IgG ELISA,0,0,0,,
a_258,a_225,a_221,S. hispidus,Hantaviridae,Sin Nombre virus,IgG ELISA,0,0,0,,
a_259,a_226,a_221,zygogontomy s,Hantaviridae,Sin Nombre virus,IgG ELISA,0,0,0,,
a_260,a_227,a_221,oryzomys,Hantaviridae,Sin Nombre virus,IgG ELISA,30,4,26,,
a_261,a_228,a_221,oligorysomys,Hantaviridae,Sin Nombre virus,IgG ELISA,6,1,5,,
a_262,a_229,a_221,S. hispidus,Hantaviridae,Sin Nombre virus,IgG ELISA,0,0,0,,
a_263,a_230,a_221,zygogontomy s,Hantaviridae,Sin Nombre virus,IgG ELISA,0,0,0,,
a_264,a_231,a_221,oryzomys,Hantaviridae,Sin Nombre virus,IgG ELISA,0,0,0,,
a_265,a_232,a_221,oligorysomys,Hantaviridae,Sin Nombre virus,IgG ELISA,0,0,0,,
a_266,a_233,a_221,S. hispidus,Hantaviridae,Sin Nombre virus,IgG ELISA,0,0,0,,
a_267,a_234,a_221,zygogontomy s,Hantaviridae,Sin Nombre virus,IgG ELISA,0,0,0,,
a_268,a_235,a_221,oryzomys,Hantaviridae,Sin Nombre virus,IgG ELISA,0,0,0,,
a_269,a_236,a_221,oligorysomys,Hantaviridae,Sin Nombre virus,IgG ELISA,0,0,0,,
a_270,a_237,a_221,S. hispidus,Hantaviridae,Sin Nombre virus,IgG ELISA,0,0,0,,
a_271,a_238,a_221,zygogontomy s,Hantaviridae,Sin Nombre virus,IgG ELISA,0,0,0,,
a_272,a_239,a_221,oryzomys,Hantaviridae,Sin Nombre virus,IgG ELISA,0,0,0,,
a_273,a_240,a_221,oligorysomys,Hantaviridae,Sin Nombre virus,IgG ELISA,0,0,0,,
a_274,a_241,a_221,S. hispidus,Hantaviridae,Sin Nombre virus,IgG ELISA,0,0,0,,
a_275,a_242,a_221,zygogontomy s,Hantaviridae,Sin Nombre virus,IgG ELISA,1,0,1,,
a_276,a_243,a_221,oryzomys,Hantaviridae,Sin Nombre virus,IgG ELISA,0,0,0,,
a_277,a_244,a_221,oligorysomys,Hantaviridae,Sin Nombre virus,IgG ELISA,0,0,0,,
a_278,a_245,a_221,S. hispidus,Hantaviridae,Sin Nombre virus,IgG ELISA,8,0,8,,
a_279,a_246,a_221,zygogontomy s,Hantaviridae,Sin Nombre virus,IgG ELISA,0,0,0,,
a_280,a_247,a_221,oryzomys,Hantaviridae,Sin Nombre virus,IgG ELISA,0,0,0,,
a_281,a_248,a_221,oligorysomys,Hantaviridae,Sin Nombre virus,IgG ELISA,1,0,1,,
a_282,a_249,a_221,S. hispidus,Hantaviridae,Sin Nombre virus,IgG ELISA,0,0,0,,
a_283,a_250,a_221,zygogontomy s,Hantaviridae,Sin Nombre virus,IgG ELISA,0,0,0,,
a_284,a_251,a_221,oryzomys,Hantaviridae,Sin Nombre virus,IgG ELISA,0,0,0,,
a_285,a_252,a_221,oligorysomys,Hantaviridae,Sin Nombre virus,IgG ELISA,0,0,0,,
a_286,a_253,a_221,S. hispidus,Hantaviridae,Sin Nombre virus,IgG ELISA,0,0,0,,
a_287,a_254,a_221,zygogontomy s,Hantaviridae,Sin Nombre virus,IgG ELISA,0,0,0,,
a_288,a_255,a_221,oryzomys,Hantaviridae,Sin Nombre virus,IgG ELISA,17,0,17,,
a_289,a_256,a_221,oligorysomys,Hantaviridae,Sin Nombre virus,IgG ELISA,4,0,4,,
a_290,a_257,a_221,S. hispidus,Hantaviridae,Sin Nombre virus,IgG ELISA,0,0,0,,
a_291,a_258,a_221,zygogontomy s,Hantaviridae,Sin Nombre virus,IgG ELISA,1,0,1,,
a_292,a_259,a_221,oryzomys,Hantaviridae,Sin Nombre virus,IgG ELISA,0,0,0,,
a_293,a_260,a_221,oligorysomys,Hantaviridae,Sin Nombre virus,IgG ELISA,0,0,0,,
a_294,a_261,a_221,S. hispidus,Hantaviridae,Sin Nombre virus,IgG ELISA,0,0,0,,
a_295,a_262,a_221,zygogontomy s,Hantaviridae,Sin Nombre virus,IgG ELISA,0,0,0,,
a_296,a_263,a_221,oryzomys,Hantaviridae,Sin Nombre virus,IgG ELISA,0,0,0,,
a_297,a_264,a_221,oligorysomys,Hantaviridae,Sin Nombre virus,IgG ELISA,0,0,0,,
a_298,a_265,a_221,S. hispidus,Hantaviridae,Sin Nombre virus,IgG ELISA,0,0,0,,
a_299,a_266,a_221,zygogontomy s,Hantaviridae,Sin Nombre virus,IgG ELISA,0,0,0,,
a_300,a_267,a_221,oryzomys,Hantaviridae,Sin Nombre virus,IgG ELISA,0,0,0,,
a_301,a_268,a_221,oligorysomys,Hantaviridae,Sin Nombre virus,IgG ELISA,0,0,0,,
a_302,a_269,a_221,heteromiydae heteromys,Hantaviridae,Sin Nombre virus,IgG ELISA,2,1,1,,
a_303,a_270,a_221,heteromiydae heteromys,Hantaviridae,Sin Nombre virus,IgG ELISA,0,0,0,,
a_304,a_271,a_221,heteromiydae heteromys,Hantaviridae,Sin Nombre virus,IgG ELISA,0,0,0,,
a_305,a_272,a_221,heteromiydae heteromys,Hantaviridae,Sin Nombre virus,IgG ELISA,0,0,0,,
a_306,a_273,a_221,heteromiydae heteromys,Hantaviridae,Sin Nombre virus,IgG ELISA,0,0,0,,
a_307,a_274,a_221,heteromiydae heteromys,Hantaviridae,Sin Nombre virus,IgG ELISA,14,0,14,,
a_308,a_275,a_221,heteromiydae heteromys,Hantaviridae,Sin Nombre virus,IgG ELISA,0,0,0,,
a_309,a_276,a_221,heteromiydae heteromys,Hantaviridae,Sin Nombre virus,IgG ELISA,0,0,0,,
a_310,a_277,a_221,heteromiydae heteromys,Hantaviridae,Sin Nombre virus,IgG ELISA,0,0,0,,
a_311,a_278,a_221,heteromiydae heteromys,Hantaviridae,Sin Nombre virus,IgG ELISA,1,0,1,,
a_312,a_279,a_221,heteromiydae heteromys,Hantaviridae,Sin Nombre virus,IgG ELISA,0,0,0,,
a_313,a_280,a_221,echimyidae proechimys,Hantaviridae,Sin Nombre virus,IgG ELISA,0,0,0,,
a_314,a_281,a_221,echimyidae proechimys,Hantaviridae,Sin Nombre virus,IgG ELISA,0,0,0,,
a_315,a_282,a_221,echimyidae proechimys,Hantaviridae,Sin Nombre virus,IgG ELISA,0,0,0,,
a_316,a_283,a_221,echimyidae proechimys,Hantaviridae,Sin Nombre virus,IgG ELISA,0,0,0,,
a_317,a_284,a_221,echimyidae proechimys,Hantaviridae,Sin Nombre virus,IgG ELISA,0,0,0,,
a_318,a_285,a_221,echimyidae proechimys,Hantaviridae,Sin Nombre virus,IgG ELISA,2,1,1,,
a_319,a_286,a_221,echimyidae proechimys,Hantaviridae,Sin Nombre virus,IgG ELISA,0,0,0,,
a_320,a_287,a_221,echimyidae proechimys,Hantaviridae,Sin Nombre virus,IgG ELISA,0,0,0,,
a_321,a_288,a_221,echimyidae proechimys,Hantaviridae,Sin Nombre virus,IgG ELISA,0,0,0,,
a_322,a_289,a_221,echimyidae proechimys,Hantaviridae,Sin Nombre virus,IgG ELISA,0,0,0,,
a_323,a_290,a_221,echimyidae proechimys,Hantaviridae,Sin Nombre virus,IgG ELISA,0,0,0,,
a_324,a_291,a_223,Rattus flavipectus,Hantaviridae,,IgG ELISA,71,2,69,,
a_325,a_292,a_223,Rattus rattus,Hantaviridae,,IgG ELISA,3,0,3,,
a_326,a_293,a_223,Rattus norvegicus,Hantaviridae,,IgG ELISA,0,0,0,,
a_327,a_294,a_223,Mus caroli,Hantaviridae,,IgG ELISA,0,0,0,,
a_328,a_295,a_223,Suncus murinus,Hantaviridae,,IgG ELISA,1,0,1,,
a_329,a_296,a_223,Rattus flavipectus,Hantaviridae,,IgG ELISA,84,1,83,,
a_330,a_297,a_223,Rattus rattus,Hantaviridae,,IgG ELISA,0,0,0,,
a_331,a_298,a_223,Rattus norvegicus,Hantaviridae,Orthohantavirus seoulense,IgG ELISA and RT-PCR,1,1,0,,
a_332,a_299,a_223,Mus caroli,Hantaviridae,,IgG ELISA,3,1,2,,
a_333,a_300,a_223,Suncus murinus,Hantaviridae,,IgG ELISA,5,0,5,,
a_334,a_301,a_223,Rattus flavipectus,Hantaviridae,,IgG ELISA,79,2,77,,
a_335,a_302,a_223,Rattus rattus,Hantaviridae,,IgG ELISA,3,0,3,,
a_336,a_303,a_223,Rattus norvegicus,Hantaviridae,,IgG ELISA,1,0,1,,
a_337,a_304,a_223,Mus caroli,Hantaviridae,,IgG ELISA,0,0,0,,
a_338,a_305,a_223,Suncus murinus,Hantaviridae,,IgG ELISA,3,0,3,,
a_339,a_306,a_223,Rattus flavipectus,Hantaviridae,,IgG ELISA,70,1,69,,
a_340,a_307,a_223,Rattus rattus,Hantaviridae,,IgG ELISA,1,0,1,,
a_341,a_308,a_223,Rattus norvegicus,Hantaviridae,,IgG ELISA,1,0,1,,
a_342,a_309,a_223,Mus caroli,Hantaviridae,,IgG ELISA,2,0,2,,
a_343,a_310,a_223,Suncus murinus,Hantaviridae,,IgG ELISA,2,0,2,,
a_344,a_311,a_223,Rattus flavipectus,Hantaviridae,,IgG ELISA,44,1,43,,
a_345,a_312,a_223,Rattus rattus,Hantaviridae,,IgG ELISA,2,0,2,,
a_346,a_313,a_223,Rattus norvegicus,Hantaviridae,Orthohantavirus seoulense,IgG ELISA and RT-PCR,5,3,2,,
a_347,a_314,a_223,Mus caroli,Hantaviridae,,IgG ELISA,0,0,0,,
a_348,a_315,a_223,Suncus murinus,Hantaviridae,,IgG ELISA,4,0,4,,
a_349,a_316,a_224,N. mexicana,Arenaviridae,Tacaribe Virus,IgG ELISA against WWAV,6,0,6,,
a_350,a_317,a_224,Neotoma albigula and N. stephensi,Arenaviridae,Tacaribe Virus,IgG ELISA against WWAV,8,0,8,,
a_351,a_318,a_224,Neotoma albigula,Arenaviridae,Tacaribe Virus,IgG ELISA against WWAV,3,2,1,,
a_352,a_319,a_224,N. mexicana,Arenaviridae,Tacaribe Virus,IgG ELISA against WWAV,42,0,42,,
a_353,a_320,a_224,N. mexicana and N. stephensi,Arenaviridae,Tacaribe Virus,IgG ELISA against WWAV,35,0,35,,
a_354,a_321,a_224,N. mexicana and N. stephensi,Arenaviridae,Tacaribe Virus,IgG ELISA against WWAV,3,0,3,,
a_355,a_322,a_224,N. mexicana,Arenaviridae,Tacaribe Virus,IgG ELISA against WWAV,2,0,2,,
a_356,a_323,a_224,N. mexicana,Arenaviridae,Tacaribe Virus,IgG ELISA against WWAV,22,0,22,,
a_357,a_324,a_224,N. mexicana,Arenaviridae,Tacaribe Virus,IgG ELISA against WWAV,6,0,6,,
a_358,a_325,a_224,Neotoma albigula,Arenaviridae,Tacaribe Virus,IgG ELISA against WWAV,14,1,13,,
a_359,a_326,a_224,"Neotoma albigula, N. mexicana and N. stephensi",Arenaviridae,Tacaribe Virus,IgG ELISA against WWAV,25,0,25,,
a_360,a_327,a_224,N. mexicana,Arenaviridae,Tacaribe Virus,IgG ELISA against WWAV,23,0,23,,
a_361,a_328,a_224,Neotoma albigula and N. stephensi,Arenaviridae,Tacaribe Virus,IgG ELISA against WWAV,23,0,23,,
a_362,a_329,a_224,Neotoma albigula,Arenaviridae,Tacaribe Virus,IgG ELISA against WWAV,2,0,2,,
a_363,a_330,a_224,N. mexicana,Arenaviridae,Tacaribe Virus,IgG ELISA against WWAV,5,2,3,,
a_364,a_331,a_224,N. mexicana,Arenaviridae,Tacaribe Virus,IgG ELISA against WWAV,14,0,14,,
a_365,a_332,a_224,N. mexicana,Arenaviridae,Tacaribe Virus,IgG ELISA against WWAV,39,3,36,,
a_366,a_333,a_224,N. mexicana,Arenaviridae,Tacaribe Virus,IgG ELISA against WWAV,3,0,3,,
a_367,a_334,a_224,N. mexicana,Arenaviridae,Tacaribe Virus,IgG ELISA against WWAV,7,0,7,,
a_368,a_335,a_224,Neotoma albigula,Arenaviridae,Tacaribe Virus,IgG ELISA against WWAV,93,0,93,,
a_369,a_336,a_224,N. lepida,Arenaviridae,Tacaribe Virus,IgG ELISA against WWAV,32,0,32,,
a_370,a_337,a_224,Neotoma albigula,Arenaviridae,Tacaribe Virus,IgG ELISA against WWAV,15,0,15,,
a_371,a_338,a_224,N. lepida,Arenaviridae,Tacaribe Virus,IgG ELISA against WWAV,6,0,6,,
a_372,a_339,a_224,Neotoma albigula,Arenaviridae,Tacaribe Virus,IgG ELISA against WWAV,132,0,132,,
a_373,a_340,a_224,Neotoma albigula,Arenaviridae,Tacaribe Virus,IgG ELISA against WWAV,17,0,17,,
a_374,a_341,a_224,Neotoma albigula,Arenaviridae,Tacaribe Virus,IgG ELISA against WWAV,63,15,48,,
a_375,a_342,a_224,Neotoma albigula,Arenaviridae,Tacaribe Virus,IgG ELISA against WWAV,46,7,39,,
a_376,a_343,a_224,Neotoma albigula,Arenaviridae,Tacaribe Virus,IgG ELISA against WWAV,80,13,67,,
a_377,a_344,a_224,Neotoma albigula,Arenaviridae,Tacaribe Virus,IgG ELISA against WWAV,123,0,123,,
a_378,a_345,a_224,Neotoma albigula,Arenaviridae,Tacaribe Virus,IgG ELISA against WWAV,36,0,36,,
a_379,a_346,a_224,Neotoma albigula and N. stephensi,Arenaviridae,Tacaribe Virus,IgG ELISA against WWAV,16,0,16,,
a_380,a_347,a_224,Neotoma albigula,Arenaviridae,Tacaribe Virus,IgG ELISA against WWAV,2,0,2,,
a_381,a_348,a_224,Neotoma albigula and N. stephensi,Arenaviridae,Tacaribe Virus,IgG ELISA against WWAV,132,1,131,,
a_382,a_349,a_224,Neotoma albigula and N. stephensi,Arenaviridae,Tacaribe Virus,IgG ELISA against WWAV,54,0,54,,
a_383,a_350,a_224,Neotoma albigula,Arenaviridae,Tacaribe Virus,IgG ELISA against WWAV,38,7,31,,
a_384,a_351,a_224,Neotoma albigula,Arenaviridae,Tacaribe Virus,IgG ELISA against WWAV,85,9,76,,
a_385,a_352,a_224,Neotoma albigula,Arenaviridae,Tacaribe Virus,IgG ELISA against WWAV,15,0,15,,
a_386,a_353,a_224,Neotoma albigula,Arenaviridae,Tacaribe Virus,IgG ELISA against WWAV,17,0,17,,
a_387,a_354,a_224,Neotoma albigula,Arenaviridae,Tacaribe Virus,IgG ELISA against WWAV,15,13,2,,
a_388,a_355,a_224,Neotoma albigula,Arenaviridae,Tacaribe Virus,IgG ELISA against WWAV,10,3,7,,
a_389,a_356,a_224,Neotoma albigula,Arenaviridae,Tacaribe Virus,IgG ELISA against WWAV,2,0,2,,
a_390,a_357,a_224,Neotoma albigula,Arenaviridae,Tacaribe Virus,IgG ELISA against WWAV,36,24,12,,
a_391,a_358,a_224,Neotoma albigula,Arenaviridae,Tacaribe Virus,IgG ELISA against WWAV,30,18,12,,
a_392,a_359,a_224,Neotoma albigula,Arenaviridae,Tacaribe Virus,IgG ELISA against WWAV,5,0,5,,
a_393,a_360,a_224,Neotoma albigula,Arenaviridae,Tacaribe Virus,IgG ELISA against WWAV,11,0,11,,
a_394,a_361,a_224,Neotoma albigula,Arenaviridae,Tacaribe Virus,IgG ELISA against WWAV,16,0,16,,
a_395,a_362,a_224,Neotoma albigula,Arenaviridae,Tacaribe Virus,IgG ELISA against WWAV,30,0,30,,
a_396,a_363,a_224,Neotoma albigula,Arenaviridae,Tacaribe Virus,IgG ELISA against WWAV,1,0,1,,
a_397,a_364,a_224,Neotoma albigula,Arenaviridae,Tacaribe Virus,IgG ELISA against WWAV,2,0,2,,
a_398,a_365,a_224,Neotoma albigula,Arenaviridae,Tacaribe Virus,IgG ELISA against WWAV,148,0,148,,
a_399,a_366,a_224,Neotoma albigula,Arenaviridae,Tacaribe Virus,IgG ELISA against WWAV,20,0,20,,
a_400,a_367,a_235,dusky-footed,Arenaviridae,Mammarenavirus bearense,enzyme-linked immunosorbent assay against WWAV,2,1,1,,
a_401,a_368,a_235,P. californicus,Arenaviridae,Mammarenavirus bearense,enzyme-linked immunosorbent assay against WWAV,8,4,4,,
a_402,a_369,a_235,P. californicus,Arenaviridae,Mammarenavirus bearense,enzyme-linked immunosorbent assay against WWAV,11,1,10,,
a_403,a_370,a_235,P. californicus,Arenaviridae,Mammarenavirus bearense,enzyme-linked immunosorbent assay against WWAV,8,4,4,,
a_404,a_371,a_235,brush mice,Arenaviridae,Mammarenavirus bearense,enzyme-linked immunosorbent assay against WWAV,5,0,5,,
a_405,a_372,a_248,Deer mouse,Hantaviridae,,IgG ELISA,"1,755",324,"1,431",,
a_406,a_373,a_248,Pinyon mouse,Hantaviridae,,IgG ELISA,223,15,208,,
a_407,a_374,a_248,Brush mouse,Hantaviridae,,IgG ELISA,13,0,13,,
a_408,a_375,a_248,Western harvest mouse,Hantaviridae,,IgG ELISA,88,15,73,,
a_409,a_376,a_248,Montane vole,Hantaviridae,,IgG ELISA,109,19,90,,
a_410,a_377,a_255,Eutamias amoenus,Hantaviridae,,IgG ELISA,none collected,,#VALUE!,,
a_411,a_378,a_255,Eutamias minimus,Hantaviridae,,IgG ELISA,none collected,,#VALUE!,,
a_412,a_379,a_255,Eutamias specious,Hantaviridae,,IgG ELISA,none collected,,#VALUE!,,
a_413,a_380,a_255,Microtus californicus,Hantaviridae,,IgG ELISA,none collected,,#VALUE!,,
a_414,a_381,a_255,Mus musculis,Hantaviridae,,IgG ELISA,1,0,1,,
a_415,a_382,a_255,Neotoma fuscipes,Hantaviridae,,IgG ELISA,6,0,6,,
a_416,a_383,a_255,Neotoma lepida,Hantaviridae,,IgG ELISA,3,0,3,,
a_417,a_384,a_255,Perognathus californicus,Hantaviridae,,IgG ELISA,2,0,2,,
a_418,a_385,a_255,Peromyscus boylei,Hantaviridae,,IgG ELISA,1,0,1,,
a_419,a_386,a_255,Peromyscus californicus,Hantaviridae,,IgG ELISA,6,0,6,,
a_420,a_387,a_255,Peromyscus maniculatus,Hantaviridae,,IgG ELISA,3,0,3,,
a_421,a_388,a_255,Peromyscus truei,Hantaviridae,,IgG ELISA,8,1,7,,
a_422,a_389,a_255,Spermophilus beecheyi,Hantaviridae,,IgG ELISA,9,0,9,,
a_423,a_390,a_255,Tamiasciurus douglasii,Hantaviridae,,IgG ELISA,none collected,,#VALUE!,,
a_424,a_391,a_255,Eutamias amoenus,Hantaviridae,,IgG ELISA,5,0,5,,
a_425,a_392,a_255,Eutamias minimus,Hantaviridae,,IgG ELISA,1,1,0,,
a_426,a_393,a_255,Eutamias specious,Hantaviridae,,IgG ELISA,8,0,8,,
a_427,a_394,a_255,Microtus californicus,Hantaviridae,,IgG ELISA,6,1,5,,
a_428,a_395,a_255,Mus musculis,Hantaviridae,,IgG ELISA,none collected,,#VALUE!,,
a_429,a_396,a_255,Neotoma fuscipes,Hantaviridae,,IgG ELISA,none collected,,#VALUE!,,
a_430,a_397,a_255,Neotoma lepida,Hantaviridae,,IgG ELISA,none collected,,#VALUE!,,
a_431,a_398,a_255,Perognathus californicus,Hantaviridae,,IgG ELISA,2,0,2,,
a_432,a_399,a_255,Peromyscus boylei,Hantaviridae,,IgG ELISA,none collected,,#VALUE!,,
a_433,a_400,a_255,Peromyscus californicus,Hantaviridae,,IgG ELISA,none collected,,#VALUE!,,
a_434,a_401,a_255,Peromyscus maniculatus,Hantaviridae,,IgG ELISA,52,14,38,,
a_435,a_402,a_255,Peromyscus truei,Hantaviridae,,IgG ELISA,none collected,,#VALUE!,,
a_436,a_403,a_255,Spermophilus beecheyi,Hantaviridae,,IgG ELISA,none collected,,#VALUE!,,
a_437,a_404,a_255,Tamiasciurus douglasii,Hantaviridae,,IgG ELISA,1,0,1,,
a_439,a_405,a_190,Asian house shrew,Hantaviridae,Thottapalayam Virus,RT-PCR,43,5,9,,
a_440,a_406,a_190,Asian house shrew,Hantaviridae,Thottapalayam Virus,RT-PCR,10,1,19,,
a_441,a_407,a_190,Asian house shrew,Hantaviridae,Thottapalayam Virus,RT-PCR,19,0,55,,
a_442,a_408,a_190,Asian house shrew,Hantaviridae,Thottapalayam Virus,RT-PCR,61,6,55,,
a_443,a_409,a_190,Asian house shrew,Hantaviridae,Thottapalayam Virus,RT-PCR,1,0,1,,
a_444,a_410,a_278,Apodemus flavicollis,,Leptospira spp.,RT-PCR,4,3,1,,
a_445,a_411,a_278,Apodemus sylvaticus,,,RT-PCR,0,,0,,
a_446,a_412,a_278,Apodemus flavicollis,,,RT-PCR,0,,0,,
a_447,a_413,a_278,Apodemus sylvaticus,,Leptospira spp.,RT-PCR,3,2,1,,
a_448,a_414,a_278,Apodemus flavicollis,,,RT-PCR,0,,0,,
a_449,a_415,a_278,Apodemus sylvaticus,,Borrelia afzelii,RT-PCR,4,1,3,,
a_450,a_416,a_278,Clethrionomys glareolus,,Borrelia afzelii,RT-PCR,8,1,7,,
a_451,a_417,a_278,Microtus arvalis,Hantaviridae,Orthohantavirus tulaense,RT-PCR,7,1,6,,
a_452,a_418,a_278,Apodemus flavicollis,Hantaviridae,DOBV,serology,10,1,9,,
a_453,a_419,a_278,Apodemus sylvaticus,Arenaviridae,LCMV,serology,5,1,4,,
a_454,a_420,a_278,Clethrionomys glareolus,,rickettsia spp.,serology,5,1,4,,
a_455,a_421,a_278,Microtus arvalis,Hantaviridae,Orthohantavirus tulaense,RT-PCR,4,1,3,,
a_456,a_422,a_278,Apodemus flavicollis,,rickettsia spp.,serology,4,1,3,,
a_457,a_423,a_278,Apodemus sylvaticus,,Bartonella birtlesii,RT-PCR,8,1,7,,
a_458,a_424,a_278,Clethrionomys glareolus,,Leptospira spp.,RT-PCR,5,2,3,,
a_459,a_425,a_278,Microtus arvalis,,Borrelia afzelii,RT-PCR,4,2,2,,
a_460,a_426,a_278,Apodemus flavicollis,,Borrelia afzelii,RT-PCR,4,1,3,,
a_461,a_427,a_278,Apodemus sylvaticus,,Borrelia afzelii,RT-PCR,11,1,10,,
a_462,a_428,a_278,Apodemus flavicollis,,Bartonella taylorii,RT-PCR,3,1,2,,
a_463,a_429,a_278,Apodemus sylvaticus,,Bartonella taylorii,RT-PCR,5,1,4,,
a_464,a_430,a_278,Clethrionomys glareolus,,Bartonella doshiae,RT-PCR,11,1,10,,
a_465,a_431,a_282,bank vole,Hantaviridae,Puumala virus,,16,3,13,,
a_466,a_432,a_282,bank vole,Hantaviridae,Puumala virus,,16,0,16,,
a_467,a_433,a_282,bank vole,Hantaviridae,Puumala virus,,13,0,13,,
a_468,a_434,a_296,Sigmodon alstoni,Arenaviridae,Pirital virus,,14,5,9,,
a_469,a_435,a_296,Zygodontomys brevicauda,Arenaviridae,Guanarito virus,,20,12,8,,
a_470,a_436,a_296,rice rat,Arenaviridae,,,2,0,2,,
a_471,a_437,a_296,Sigmodon alstoni,Arenaviridae,Pirital virus,,41,30,11,,
a_472,a_438,a_296,Zygodontomys brevicauda,Arenaviridae,Guanarito virus,,37,15,22,,
a_473,a_439,a_296,rice rat,Arenaviridae,,,4,0,4,,
a_474,a_440,a_296,Sigmodon alstoni,Arenaviridae,1 Guanarito virus/1 Pirital virus,,2,2,0,,1 mouse infected with Guanarito virus and the other mouse with Pirital virus
a_475,a_441,a_296,Zygodontomys brevicauda,Arenaviridae,Guanarito virus,,7,4,3,,
a_476,a_442,a_296,rice rat,,,,1,0,1,,
a_477,a_443,a_298,M. natalensis,Arenaviridae,Mammarenavirus lunaense,RT-PCR,23,4,19,,
a_478,a_444,a_298,M. natalensis,Arenaviridae,Mammarenavirus lunaense,RT-PCR,24,1,23,,
a_479,a_445,a_298,M. natalensis,Arenaviridae,,RT-PCR,143,0,143,,
a_480,a_472,a_316,Oryzomys palustris,Hantaviridae,Bayou orthohantavirus,IgG determination by immunofluorescence microscopy,40,8,32,,
a_481,a_473,a_316,Oryzomys palustris,Hantaviridae,Bayou orthohantavirus,IgG determination by immunofluorescence microscopy,109,16,93,,
a_482,a_474,a_316,Oryzomys palustris,Hantaviridae,Bayou orthohantavirus,IgG determination by immunofluorescence microscopy,54,2,52,,
a_483,a_475,a_316,Oryzomys palustris,Hantaviridae,Bayou orthohantavirus,IgG determination by immunofluorescence microscopy,99,4,95,,
a_484,a_476,a_316,Oryzomys palustris,Hantaviridae,Bayou orthohantavirus,IgG determination by immunofluorescence microscopy,67,11,56,,
a_485,a_477,a_316,Oryzomys palustris,Hantaviridae,Bayou orthohantavirus,IgG determination by immunofluorescence microscopy,126,17,109,,
a_486,a_478,a_316,Oryzomys palustris,Hantaviridae,Bayou orthohantavirus,IgG determination by immunofluorescence microscopy,113,28,85,,
a_487,a_479,a_316,Oryzomys palustris,Hantaviridae,Bayou orthohantavirus,IgG determination by immunofluorescence microscopy,25,3,22,,
a_488,a_480,a_316,Baiomys taylori,Hantaviridae,Bayou orthohantavirus,IgG determination by immunofluorescence microscopy,8,,8,,1 BAYV-positive out of 120 total
a_489,a_481,a_316,Baiomys taylori,Hantaviridae,Bayou orthohantavirus,IgG determination by immunofluorescence microscopy,8,,8,,1 BAYV-positive out of 120 total
a_490,a_482,a_316,Baiomys taylori,Hantaviridae,Bayou orthohantavirus,IgG determination by immunofluorescence microscopy,16,,16,,1 BAYV-positive out of 120 total
a_491,a_483,a_316,Baiomys taylori,Hantaviridae,Bayou orthohantavirus,IgG determination by immunofluorescence microscopy,121,,121,,1 BAYV-positive out of 120 total
a_492,a_484,a_316,Baiomys taylori,Hantaviridae,Bayou orthohantavirus,IgG determination by immunofluorescence microscopy,10,,10,,1 BAYV-positive out of 120 total
a_493,a_485,a_316,Baiomys taylori,Hantaviridae,Bayou orthohantavirus,IgG determination by immunofluorescence microscopy,2,,2,,1 BAYV-positive out of 120 total
a_494,a_486,a_316,Baiomys taylori,Hantaviridae,Bayou orthohantavirus,IgG determination by immunofluorescence microscopy,0,,0,,1 BAYV-positive out of 120 total
a_495,a_487,a_316,Baiomys taylori,Hantaviridae,Bayou orthohantavirus,IgG determination by immunofluorescence microscopy,8,,8,,1 BAYV-positive out of 120 total
a_496,a_488,a_316,Peromyscus leucopus,Hantaviridae,Bayou orthohantavirus,IgG determination by immunofluorescence microscopy,5,,5,,1 BAYV-positive out of 7 total
a_497,a_489,a_316,Peromyscus leucopus,Hantaviridae,Bayou orthohantavirus,IgG determination by immunofluorescence microscopy,4,,4,,1 BAYV-positive out of 7 total
a_498,a_490,a_316,Peromyscus leucopus,Hantaviridae,Bayou orthohantavirus,IgG determination by immunofluorescence microscopy,0,,0,,1 BAYV-positive out of 7 total
a_499,a_491,a_316,Peromyscus leucopus,Hantaviridae,Bayou orthohantavirus,IgG determination by immunofluorescence microscopy,2,,2,,1 BAYV-positive out of 7 total
a_500,a_492,a_316,Peromyscus leucopus,Hantaviridae,Bayou orthohantavirus,IgG determination by immunofluorescence microscopy,4,,4,,1 BAYV-positive out of 7 total
a_501,a_493,a_316,Peromyscus leucopus,Hantaviridae,Bayou orthohantavirus,IgG determination by immunofluorescence microscopy,1,,1,,1 BAYV-positive out of 7 total
a_502,a_494,a_316,Peromyscus leucopus,Hantaviridae,Bayou orthohantavirus,IgG determination by immunofluorescence microscopy,0,,0,,1 BAYV-positive out of 7 total
a_503,a_495,a_316,Peromyscus leucopus,Hantaviridae,Bayou orthohantavirus,IgG determination by immunofluorescence microscopy,2,,2,,1 BAYV-positive out of 7 total
a_504,a_496,a_316,Reithrodontomys fulvescens,Hantaviridae,Bayou orthohantavirus,IgG determination by immunofluorescence microscopy,43,,43,,1 BAYV-positive out of 230 total
a_505,a_497,a_316,Reithrodontomys fulvescens,Hantaviridae,Bayou orthohantavirus,IgG determination by immunofluorescence microscopy,15,,15,,1 BAYV-positive out of 230 total
a_506,a_498,a_316,Reithrodontomys fulvescens,Hantaviridae,Bayou orthohantavirus,IgG determination by immunofluorescence microscopy,7,,7,,1 BAYV-positive out of 230 total
a_507,a_499,a_316,Reithrodontomys fulvescens,Hantaviridae,Bayou orthohantavirus,IgG determination by immunofluorescence microscopy,147,,147,,1 BAYV-positive out of 230 total
a_508,a_500,a_316,Reithrodontomys fulvescens,Hantaviridae,Bayou orthohantavirus,IgG determination by immunofluorescence microscopy,96,,96,,1 BAYV-positive out of 230 total
a_509,a_501,a_316,Reithrodontomys fulvescens,Hantaviridae,Bayou orthohantavirus,IgG determination by immunofluorescence microscopy,25,,25,,1 BAYV-positive out of 230 total
a_510,a_502,a_316,Reithrodontomys fulvescens,Hantaviridae,Bayou orthohantavirus,IgG determination by immunofluorescence microscopy,8,,8,,1 BAYV-positive out of 230 total
a_511,a_503,a_316,Reithrodontomys fulvescens,Hantaviridae,Bayou orthohantavirus,IgG determination by immunofluorescence microscopy,4,,4,,1 BAYV-positive out of 230 total
a_512,a_504,a_316,Sigmodon hispidus,Hantaviridae,Bayou orthohantavirus,IgG determination by immunofluorescence microscopy,22,,22,,2 BAYV-positive out of 119
a_513,a_505,a_316,Sigmodon hispidus,Hantaviridae,Bayou orthohantavirus,IgG determination by immunofluorescence microscopy,9,,9,,2 BAYV-positive out of 119
a_514,a_506,a_316,Sigmodon hispidus,Hantaviridae,Bayou orthohantavirus,IgG determination by immunofluorescence microscopy,8,,8,,2 BAYV-positive out of 119
a_515,a_507,a_316,Sigmodon hispidus,Hantaviridae,Bayou orthohantavirus,IgG determination by immunofluorescence microscopy,53,,53,,2 BAYV-positive out of 119
a_516,a_508,a_316,Sigmodon hispidus,Hantaviridae,Bayou orthohantavirus,IgG determination by immunofluorescence microscopy,28,,28,,2 BAYV-positive out of 119
a_517,a_509,a_316,Sigmodon hispidus,Hantaviridae,Bayou orthohantavirus,IgG determination by immunofluorescence microscopy,10,,10,,2 BAYV-positive out of 119
a_518,a_510,a_316,Sigmodon hispidus,Hantaviridae,Bayou orthohantavirus,IgG determination by immunofluorescence microscopy,10,,10,,2 BAYV-positive out of 119
a_519,a_511,a_316,Sigmodon hispidus,Hantaviridae,Bayou orthohantavirus,IgG determination by immunofluorescence microscopy,9,,9,,2 BAYV-positive out of 119
a_520,a_512,a_321,Oligoryzomys longicaudatus,Hantaviridae,Andes virus,ELISA,70,0,70,,
a_521,a_513,a_321,Oligoryzomys longicaudatus,Hantaviridae,Andes virus,ELISA,6,0,6,,
a_522,a_514,a_321,Oligoryzomys longicaudatus,Hantaviridae,Andes virus,ELISA,0,0,0,,
a_523,a_515,a_321,Oligoryzomys longicaudatus,Hantaviridae,Andes virus,ELISA,2,0,2,,
a_524,a_516,a_321,Oligoryzomys longicaudatus,Hantaviridae,Andes virus,ELISA,12,2,10,,
a_525,a_517,a_321,Oligoryzomys longicaudatus,Hantaviridae,Andes virus,ELISA,2,0,2,,
a_526,a_518,a_321,Oligoryzomys longicaudatus,Hantaviridae,Andes virus,ELISA,9,0,9,,
a_527,a_519,a_321,Oligoryzomys longicaudatus,Hantaviridae,Andes virus,ELISA,28,2,26,,
a_528,a_520,a_321,Oligoryzomys longicaudatus,Hantaviridae,Andes virus,ELISA,9,0,9,,
a_529,a_521,a_324,M. glareolus,Hantaviridae,Puumala hantavirus,Immuno-fluorescence assay,50,6,44,,
a_530,a_522,a_324,M. glareolus,Hantaviridae,Puumala hantavirus,Immuno-fluorescence assay,59,0,59,,
a_531,a_523,a_324,M. glareolus,Hantaviridae,Puumala hantavirus,Immuno-fluorescence assay,20,0,20,,
a_532,a_524,a_324,M. glareolus,Hantaviridae,Puumala hantavirus,Immuno-fluorescence assay,24,0,24,,
a_533,a_525,a_324,M. glareolus,Hantaviridae,Puumala hantavirus,Immuno-fluorescence assay,7,0,7,,
a_534,a_526,a_324,M. glareolus,Hantaviridae,Puumala hantavirus,Immuno-fluorescence assay,20,0,20,,
a_535,a_527,a_324,M. glareolus,Hantaviridae,Puumala hantavirus,Immuno-fluorescence assay,47,0,47,,
a_536,a_528,a_324,M. glareolus,Hantaviridae,Puumala hantavirus,Immuno-fluorescence assay,43,1,42,,
a_537,a_529,a_324,M. glareolus,Hantaviridae,Puumala hantavirus,Immuno-fluorescence assay,33,0,33,,
a_538,a_530,a_324,M. glareolus,Hantaviridae,Puumala hantavirus,Immuno-fluorescence assay,31,0,31,,
a_539,a_531,a_324,M. glareolus,Hantaviridae,Puumala hantavirus,Immuno-fluorescence assay,28,0,28,,
a_540,a_532,a_324,M. glareolus,Hantaviridae,Puumala hantavirus,Immuno-fluorescence assay,38,2,36,,
a_541,a_533,a_324,M. glareolus,Hantaviridae,Puumala hantavirus,Immuno-fluorescence assay,55,0,55,,
a_542,a_534,a_324,M. glareolus,Hantaviridae,Puumala hantavirus,Immuno-fluorescence assay,35,4,31,,
a_543,a_535,a_324,M. glareolus,Hantaviridae,Puumala hantavirus,Immuno-fluorescence assay,39,6,33,,
a_544,a_536,a_324,M. glareolus,Hantaviridae,Puumala hantavirus,Immuno-fluorescence assay,44,0,44,,
a_545,a_537,a_324,M. glareolus,Hantaviridae,Puumala hantavirus,Immuno-fluorescence assay,,,0,,
a_546,a_538,a_324,M. glareolus,Hantaviridae,Puumala hantavirus,Immuno-fluorescence assay,,,0,,
a_547,a_539,a_324,M. glareolus,Hantaviridae,Puumala hantavirus,Immuno-fluorescence assay,21,1,20,,
a_548,a_540,a_324,M. glareolus,Hantaviridae,Puumala hantavirus,Immuno-fluorescence assay,13,0,13,,
a_549,a_541,a_324,M. glareolus,Hantaviridae,Puumala hantavirus,Immuno-fluorescence assay,,,0,,
a_550,a_542,a_324,M. glareolus,Hantaviridae,Puumala hantavirus,Immuno-fluorescence assay,54,3,51,,
a_551,a_543,a_324,M. glareolus,Hantaviridae,Puumala hantavirus,Immuno-fluorescence assay,9,0,9,,
a_552,a_544,a_324,M. glareolus,Hantaviridae,Puumala hantavirus,Immuno-fluorescence assay,2,0,2,,
a_553,a_545,a_324,M. glareolus,Hantaviridae,Puumala hantavirus,Immuno-fluorescence assay,,,0,,
a_554,a_546,a_324,M. glareolus,Hantaviridae,Puumala hantavirus,Immuno-fluorescence assay,,,0,,
a_555,a_547,a_324,M. glareolus,Hantaviridae,Puumala hantavirus,Immuno-fluorescence assay,38,1,37,,
a_556,a_548,a_324,M. glareolus,Hantaviridae,Puumala hantavirus,Immuno-fluorescence assay,,,0,,
a_557,a_549,a_330,Clethrionomys glareolus,Hantaviridae,Puumala virus,IgG immunofluorescence assay,36,0,36,,
a_558,a_550,a_330,Clethrionomys glareolus,Hantaviridae,Puumala virus,IgG immunofluorescence assay,30,2,28,,
a_559,a_551,a_330,Clethrionomys glareolus,Hantaviridae,Puumala virus,IgG immunofluorescence assay,32,5,27,,
a_560,a_552,a_330,Clethrionomys glareolus,Hantaviridae,Puumala virus,IgG immunofluorescence assay,33,4,29,,
a_561,a_553,a_330,Clethrionomys glareolus,Hantaviridae,Puumala virus,IgG immunofluorescence assay,2,1,1,,
a_562,a_554,a_330,microtus arvalis,Hantaviridae,Tula virus,IgG immunofluorescence assay,32,0,32,,
a_563,a_555,a_330,microtus arvalis,Hantaviridae,Tula virus,IgG immunofluorescence assay,28,2,26,,
a_564,a_556,a_330,microtus arvalis,Hantaviridae,Tula virus,IgG immunofluorescence assay,33,2,31,,
a_565,a_557,a_330,microtus arvalis,Hantaviridae,Tula virus,IgG immunofluorescence assay,36,7,29,,
a_566,a_558,a_330,microtus arvalis,Hantaviridae,Tula virus,IgG immunofluorescence assay,41,0,41,,
a_567,a_559,a_330,Fossorial water vole,Hantaviridae,,IgG immunofluorescence assay,30,0,30,,
a_568,a_560,a_330,Fossorial water vole,Hantaviridae,,IgG immunofluorescence assay,36,0,36,,
a_569,a_561,a_330,Fossorial water vole,Hantaviridae,,IgG immunofluorescence assay,35,0,35,,
a_570,a_562,a_330,Fossorial water vole,Hantaviridae,,IgG immunofluorescence assay,36,0,36,,
a_571,a_563,a_330,Fossorial water vole,Hantaviridae,,IgG immunofluorescence assay,0,0,0,,
a_572,a_564,a_330,Yellow-necked mouse,Hantaviridae,,IgG immunofluorescence assay,11,0,11,,
a_573,a_565,a_330,Yellow-necked mouse,Hantaviridae,,IgG immunofluorescence assay,36,0,36,,
a_574,a_566,a_330,Yellow-necked mouse,Hantaviridae,,IgG immunofluorescence assay,15,0,15,,
a_575,a_567,a_330,Yellow-necked mouse,Hantaviridae,,IgG immunofluorescence assay,30,0,30,,
a_576,a_568,a_330,Yellow-necked mouse,Hantaviridae,,IgG immunofluorescence assay,2,0,2,,
a_577,a_569,a_330,Wood mouse,Hantaviridae,,IgG immunofluorescence assay,16,0,16,,
a_578,a_570,a_330,Wood mouse,Hantaviridae,,IgG immunofluorescence assay,11,0,11,,
a_579,a_571,a_330,Wood mouse,Hantaviridae,,IgG immunofluorescence assay,4,0,4,,
a_580,a_572,a_330,Wood mouse,Hantaviridae,,IgG immunofluorescence assay,12,0,12,,
a_581,a_573,a_330,Wood mouse,Hantaviridae,,IgG immunofluorescence assay,0,0,0,,
a_582,a_574,a_344,Apodemus peninsulae,Hantaviridae,,indirect immunofluorescent antibody,25,6,19,,"4 of all the 16 positives were further tested and positive for Soochong virus accession numbers: AY675349, AY675350, AY675351, AY675352, AY675353, DQ056293, DQ056295, DQ056292, AY675354"
a_583,a_575,a_344,Apodemus peninsulae,Hantaviridae,,indirect immunofluorescent antibody,29,10,19,,"4 of all the 16 positives were further tested and positive for Soochong virus accession numbers: AY675349, AY675350, AY675351, AY675352, AY675353, DQ056293, DQ056295, DQ056292, AY675354"
a_584,a_576,a_344,Apodemus agrarius,Hantaviridae,,indirect immunofluorescent antibody,25,2,23,,
a_585,a_577,a_344,Eothenomys regulus,Hantaviridae,,indirect immunofluorescent antibody,7,1,6,,
a_586,a_578,a_344,Micromys minutus,Hantaviridae,,indirect immunofluorescent antibody,1,0,1,,
a_587,a_579,a_687,R. norvegicus,Hantaviridae,Seoul virus,ELISA,29,9,20,,
a_588,a_579,a_687,R. norvegicus,Hantaviridae,Sin Nombre Virus,ELISA,29,7,22,,
a_589,a_164,a_214,A. cursor,Hantaviridae,Andes orthohantavirus,RT-PCR,7,1,6,,
a_590,a_165,a_214,C. callosus,Hantaviridae,Andes orthohantavirus,RT-PCR,2,0,2,,
a_591,a_174,a_214,O. nigripes,Hantaviridae,Andes orthohantavirus,RT-PCR,28,3,25,,
a_592,a_177,a_214,O. nigripes,Hantaviridae,Andes orthohantavirus,RT-PCR,14,2,12,,
